#node1	node2	node1_string_id	node2_string_id	neighborhood_on_chromosome	gene_fusion	phylogenetic_cooccurrence	homology	coexpression	experimentally_determined_interaction	database_annotated	automated_textmining	combined_score
ACKR1	CCR2	9606.ENSP00000357103	9606.ENSP00000292301	0	0	0	0	0	0	0	0.527	0.527
ACKR1	CXCR2	9606.ENSP00000357103	9606.ENSP00000319635	0	0	0	0	0	0	0	0.553	0.553
ACKR1	RGS1	9606.ENSP00000357103	9606.ENSP00000356429	0	0	0	0	0.076	0	0	0.552	0.568
ACKR1	CXCR4	9606.ENSP00000357103	9606.ENSP00000386884	0	0	0	0	0	0	0	0.460	0.460
ACKR1	CXCL12	9606.ENSP00000357103	9606.ENSP00000379140	0	0	0	0	0.076	0	0	0.564	0.580
ACKR1	FYB	9606.ENSP00000357103	9606.ENSP00000427114	0	0	0	0	0	0	0	0.720	0.720
ALDH1A1	CXCR4	9606.ENSP00000297785	9606.ENSP00000386884	0	0	0	0	0	0	0	0.468	0.468
ALDH1A1	SNAI2	9606.ENSP00000297785	9606.ENSP00000380034	0	0	0	0	0	0	0	0.610	0.610
ALOX5AP	LCP2	9606.ENSP00000479870	9606.ENSP00000046794	0	0	0	0	0.573	0	0	0	0.573
ALOX5AP	COTL1	9606.ENSP00000479870	9606.ENSP00000262428	0	0	0	0	0.090	0	0	0.643	0.661
ALOX5AP	TYROBP	9606.ENSP00000479870	9606.ENSP00000262629	0	0	0	0	0.743	0	0	0.074	0.751
ALOX5AP	IGSF6	9606.ENSP00000479870	9606.ENSP00000268389	0	0	0	0	0.557	0	0	0.217	0.639
ALOX5AP	LAPTM5	9606.ENSP00000479870	9606.ENSP00000294507	0	0	0	0	0.656	0	0	0.134	0.689
ALOX5AP	C1QB	9606.ENSP00000479870	9606.ENSP00000313967	0	0	0	0	0.317	0	0	0.183	0.418
ALOX5AP	EVI2B	9606.ENSP00000479870	9606.ENSP00000333779	0	0	0	0	0.534	0	0	0.048	0.538
ALOX5AP	NCF2	9606.ENSP00000479870	9606.ENSP00000356505	0	0	0	0	0.565	0	0	0.124	0.603
ALOX5AP	MNDA	9606.ENSP00000479870	9606.ENSP00000357123	0	0	0	0	0.542	0	0	0.081	0.561
ALOX5AP	S100A12	9606.ENSP00000479870	9606.ENSP00000357726	0	0	0	0	0.234	0	0	0.284	0.428
ALOX5AP	S100A9	9606.ENSP00000479870	9606.ENSP00000357727	0	0	0	0	0.319	0	0	0.266	0.479
ALOX5AP	CSF2RB	9606.ENSP00000479870	9606.ENSP00000384053	0	0	0	0	0.426	0	0	0.057	0.436
ALOX5AP	FYB	9606.ENSP00000479870	9606.ENSP00000427114	0	0	0	0	0.369	0	0	0.096	0.406
ALOX5AP	HCK	9606.ENSP00000479870	9606.ENSP00000444986	0	0	0	0	0.556	0	0	0	0.556
BCL2A1	LCP2	9606.ENSP00000267953	9606.ENSP00000046794	0	0	0	0	0.629	0	0	0.081	0.645
BCL2A1	CD69	9606.ENSP00000267953	9606.ENSP00000228434	0	0	0	0	0.391	0	0	0.150	0.460
BCL2A1	TYROBP	9606.ENSP00000267953	9606.ENSP00000262629	0	0	0	0	0.439	0	0	0.146	0.501
BCL2A1	LAPTM5	9606.ENSP00000267953	9606.ENSP00000294507	0	0	0	0	0.416	0	0	0.058	0.427
BCL2A1	NCF2	9606.ENSP00000267953	9606.ENSP00000356505	0	0	0	0	0.393	0	0	0.101	0.431
BCL2A1	CSF2RB	9606.ENSP00000267953	9606.ENSP00000384053	0	0	0	0	0.415	0	0	0.075	0.436
BCL2A1	CYBB	9606.ENSP00000267953	9606.ENSP00000367851	0	0	0	0	0.359	0	0	0.176	0.449
BCL2A1	CD86	9606.ENSP00000267953	9606.ENSP00000332049	0	0	0	0	0.362	0	0	0.194	0.463
BCL2A1	HPGDS	9606.ENSP00000267953	9606.ENSP00000295256	0	0	0	0	0.069	0	0	0.465	0.481
BCL2A1	C1QB	9606.ENSP00000267953	9606.ENSP00000313967	0	0	0	0	0.501	0	0	0.057	0.509
BCL2A1	RGS18	9606.ENSP00000267953	9606.ENSP00000356430	0	0	0	0	0.515	0	0	0	0.515
BLNK	LCP2	9606.ENSP00000224337	9606.ENSP00000046794	0	0	0	0.627	0.161	0.213	0.800	0.822	0.900
BLNK	TYROBP	9606.ENSP00000224337	9606.ENSP00000262629	0	0	0	0	0.158	0	0	0.381	0.457
BLNK	FCGR2B	9606.ENSP00000224337	9606.ENSP00000351497	0	0	0	0	0.175	0	0	0.394	0.478
BLNK	CD86	9606.ENSP00000224337	9606.ENSP00000332049	0	0	0	0	0.307	0	0	0.309	0.501
BLNK	HCK	9606.ENSP00000224337	9606.ENSP00000444986	0	0	0	0	0.159	0.056	0.900	0.412	0.947
BLNK	ITK	9606.ENSP00000224337	9606.ENSP00000398655	0	0	0	0	0.062	0.302	0.900	0.480	0.961
BMP7	HFE2	9606.ENSP00000379204	9606.ENSP00000337014	0	0	0	0	0.062	0.075	0	0.697	0.715
BMP7	ID1	9606.ENSP00000379204	9606.ENSP00000365280	0	0	0	0	0	0	0	0.531	0.531
BMP7	CXCL12	9606.ENSP00000379204	9606.ENSP00000379140	0	0	0	0	0	0	0	0.454	0.454
BMP7	SNAI2	9606.ENSP00000379204	9606.ENSP00000380034	0	0	0	0	0.062	0	0	0.399	0.412
C1QA	LCP2	9606.ENSP00000363773	9606.ENSP00000046794	0	0	0	0	0.466	0	0	0.090	0.493
C1QA	CTSZ	9606.ENSP00000363773	9606.ENSP00000217131	0	0	0	0	0.210	0	0	0.339	0.455
C1QA	LYVE1	9606.ENSP00000363773	9606.ENSP00000256178	0	0	0	0	0.348	0	0	0.185	0.446
C1QA	LYZ	9606.ENSP00000363773	9606.ENSP00000261267	0	0	0	0	0.250	0	0	0.251	0.414
C1QA	TYROBP	9606.ENSP00000363773	9606.ENSP00000262629	0	0	0	0	0.901	0	0	0.456	0.944
C1QA	IGSF6	9606.ENSP00000363773	9606.ENSP00000268389	0	0	0	0	0.463	0	0	0.107	0.500
C1QA	FCGR2A	9606.ENSP00000363773	9606.ENSP00000271450	0	0	0	0	0.282	0	0	0.301	0.476
C1QA	LAPTM5	9606.ENSP00000363773	9606.ENSP00000294507	0	0	0	0	0.482	0	0	0.381	0.665
C1QA	RNASE6	9606.ENSP00000363773	9606.ENSP00000302046	0	0	0	0	0.346	0	0	0.206	0.458
C1QA	TLR8	9606.ENSP00000363773	9606.ENSP00000312082	0	0	0	0	0.351	0	0	0.168	0.437
C1QA	C1QB	9606.ENSP00000363773	9606.ENSP00000313967	0	0	0.389	0.860	0.990	0.966	0.900	0.885	0.999
C1QA	CD86	9606.ENSP00000363773	9606.ENSP00000332049	0	0	0	0	0.352	0	0	0.228	0.478
C1QA	FPR3	9606.ENSP00000363773	9606.ENSP00000341821	0	0	0	0	0.527	0	0	0	0.527
C1QA	FCGR2B	9606.ENSP00000363773	9606.ENSP00000351497	0	0	0	0	0.354	0	0	0.288	0.521
C1QA	MPEG1	9606.ENSP00000363773	9606.ENSP00000354335	0	0	0	0	0.566	0	0	0.250	0.661
C1QA	RGS1	9606.ENSP00000363773	9606.ENSP00000356429	0	0	0	0	0.543	0	0	0.108	0.575
C1QA	RGS18	9606.ENSP00000363773	9606.ENSP00000356430	0	0	0	0	0.440	0	0	0.044	0.442
C1QA	FCGR1B	9606.ENSP00000363773	9606.ENSP00000358391	0	0	0	0	0.362	0	0	0.147	0.433
C1QA	FCN1	9606.ENSP00000363773	9606.ENSP00000360871	0	0	0	0	0.164	0	0.500	0.278	0.672
C1QA	C1QC	9606.ENSP00000363773	9606.ENSP00000363770	0	0	0.397	0.825	0.954	0.961	0.900	0.803	0.999
C1QA	FYB	9606.ENSP00000363773	9606.ENSP00000427114	0	0	0	0	0.446	0	0	0.063	0.458
C1QA	CYBB	9606.ENSP00000363773	9606.ENSP00000367851	0	0	0	0	0.384	0	0	0.162	0.462
C1QA	CSF2RB	9606.ENSP00000363773	9606.ENSP00000384053	0	0	0	0	0.463	0	0	0	0.463
C1QA	HCK	9606.ENSP00000363773	9606.ENSP00000444986	0	0	0	0	0.510	0	0	0.097	0.539
C1QA	HLA-DRA	9606.ENSP00000363773	9606.ENSP00000378786	0	0	0	0	0.356	0	0	0.329	0.549
C1QA	RNASE1	9606.ENSP00000363773	9606.ENSP00000381057	0	0	0	0	0.652	0	0	0.053	0.656
C1QA	GPR34	9606.ENSP00000363773	9606.ENSP00000367384	0	0	0	0	0.410	0	0	0.480	0.680
C1QA	MS4A6A	9606.ENSP00000363773	9606.ENSP00000392770	0	0	0	0	0.680	0	0	0.147	0.715
C1QB	LCP2	9606.ENSP00000313967	9606.ENSP00000046794	0	0	0	0	0.534	0	0	0.110	0.568
C1QB	CLEC10A	9606.ENSP00000313967	9606.ENSP00000254868	0	0	0	0	0.345	0	0	0.270	0.501
C1QB	LYVE1	9606.ENSP00000313967	9606.ENSP00000256178	0	0	0	0	0.351	0	0	0.177	0.444
C1QB	LYZ	9606.ENSP00000313967	9606.ENSP00000261267	0	0	0	0	0.235	0	0	0.283	0.428
C1QB	TYROBP	9606.ENSP00000313967	9606.ENSP00000262629	0	0	0	0	0.826	0	0	0.455	0.901
C1QB	BCL2A1	9606.ENSP00000313967	9606.ENSP00000267953	0	0	0	0	0.501	0	0	0.057	0.509
C1QB	IGSF6	9606.ENSP00000313967	9606.ENSP00000268389	0	0	0	0	0.714	0	0	0.233	0.771
C1QB	FCGR2A	9606.ENSP00000313967	9606.ENSP00000271450	0	0	0	0	0.363	0	0	0.244	0.499
C1QB	LAPTM5	9606.ENSP00000313967	9606.ENSP00000294507	0	0	0	0	0.628	0	0	0.429	0.779
C1QB	RAB8A	9606.ENSP00000313967	9606.ENSP00000300935	0	0	0	0	0	0.436	0	0	0.436
C1QB	RNASE6	9606.ENSP00000313967	9606.ENSP00000302046	0	0	0	0	0.306	0	0	0.190	0.414
C1QB	TLR8	9606.ENSP00000313967	9606.ENSP00000312082	0	0	0	0	0.313	0	0	0.194	0.422
C1QB	HCK	9606.ENSP00000313967	9606.ENSP00000444986	0	0	0	0	0.337	0	0	0.134	0.401
C1QB	FCGR3B	9606.ENSP00000313967	9606.ENSP00000433642	0	0	0	0	0.279	0	0	0.208	0.405
C1QB	ALOX5AP	9606.ENSP00000313967	9606.ENSP00000479870	0	0	0	0	0.317	0	0	0.183	0.418
C1QB	CD86	9606.ENSP00000313967	9606.ENSP00000332049	0	0	0	0	0.317	0	0	0.257	0.472
C1QB	GPR34	9606.ENSP00000313967	9606.ENSP00000367384	0	0	0	0	0.405	0	0	0.217	0.514
C1QB	FCGR2B	9606.ENSP00000313967	9606.ENSP00000351497	0	0	0	0	0.299	0	0	0.354	0.528
C1QB	RGS18	9606.ENSP00000313967	9606.ENSP00000356430	0	0	0	0	0.528	0	0	0	0.528
C1QB	CYBB	9606.ENSP00000313967	9606.ENSP00000367851	0	0	0	0	0.412	0	0	0.233	0.530
C1QB	FPR3	9606.ENSP00000313967	9606.ENSP00000341821	0	0	0	0	0.533	0	0	0.046	0.535
C1QB	RGS1	9606.ENSP00000313967	9606.ENSP00000356429	0	0	0	0	0.545	0	0	0.114	0.580
C1QB	FCN1	9606.ENSP00000313967	9606.ENSP00000360871	0	0	0	0.606	0.132	0	0.500	0.280	0.592
C1QB	FYB	9606.ENSP00000313967	9606.ENSP00000427114	0	0	0	0	0.561	0	0	0.113	0.594
C1QB	CSF2RB	9606.ENSP00000313967	9606.ENSP00000384053	0	0	0	0	0.561	0	0	0.123	0.598
C1QB	HLA-DRA	9606.ENSP00000313967	9606.ENSP00000378786	0	0	0	0	0.369	0	0	0.391	0.599
C1QB	RNASE1	9606.ENSP00000313967	9606.ENSP00000381057	0	0	0	0	0.632	0	0	0.047	0.634
C1QB	MS4A6A	9606.ENSP00000313967	9606.ENSP00000392770	0	0	0	0	0.644	0	0	0.156	0.686
C1QB	MPEG1	9606.ENSP00000313967	9606.ENSP00000354335	0	0	0	0	0.660	0	0	0.311	0.756
C1QB	C1QA	9606.ENSP00000313967	9606.ENSP00000363773	0	0	0.389	0.860	0.990	0.966	0.900	0.885	0.999
C1QB	C1QC	9606.ENSP00000313967	9606.ENSP00000363770	0	0	0.426	0.927	0.990	0.907	0.900	0.949	0.999
C1QC	LCP2	9606.ENSP00000363770	9606.ENSP00000046794	0	0	0	0	0.439	0	0	0.086	0.465
C1QC	CTSZ	9606.ENSP00000363770	9606.ENSP00000217131	0	0	0	0	0.170	0	0	0.316	0.408
C1QC	LYVE1	9606.ENSP00000363770	9606.ENSP00000256178	0	0	0	0	0.350	0	0	0.133	0.412
C1QC	TYROBP	9606.ENSP00000363770	9606.ENSP00000262629	0	0	0	0	0.856	0	0	0.418	0.912
C1QC	IGSF6	9606.ENSP00000363770	9606.ENSP00000268389	0	0	0	0	0.413	0	0	0.181	0.499
C1QC	FCGR2A	9606.ENSP00000363770	9606.ENSP00000271450	0	0	0	0	0.363	0	0	0.242	0.496
C1QC	LAPTM5	9606.ENSP00000363770	9606.ENSP00000294507	0	0	0	0	0.485	0	0	0.383	0.669
C1QC	RNASE6	9606.ENSP00000363770	9606.ENSP00000302046	0	0	0	0	0.233	0	0	0.261	0.409
C1QC	C1QB	9606.ENSP00000363770	9606.ENSP00000313967	0	0	0.426	0.927	0.990	0.907	0.900	0.949	0.999
C1QC	FPR3	9606.ENSP00000363770	9606.ENSP00000341821	0	0	0	0	0.537	0	0	0.054	0.543
C1QC	FCGR2B	9606.ENSP00000363770	9606.ENSP00000351497	0	0	0	0	0.326	0	0	0.269	0.486
C1QC	MPEG1	9606.ENSP00000363770	9606.ENSP00000354335	0	0	0	0	0.538	0	0	0.266	0.646
C1QC	RGS18	9606.ENSP00000363770	9606.ENSP00000356430	0	0	0	0	0.408	0	0	0	0.408
C1QC	FCGR1B	9606.ENSP00000363770	9606.ENSP00000358391	0	0	0	0	0.304	0	0	0.243	0.451
C1QC	FCN1	9606.ENSP00000363770	9606.ENSP00000360871	0	0	0	0.615	0.142	0	0.500	0.299	0.599
C1QC	FYB	9606.ENSP00000363770	9606.ENSP00000427114	0	0	0	0	0.417	0	0	0.058	0.427
C1QC	CSF2RB	9606.ENSP00000363770	9606.ENSP00000384053	0	0	0	0	0.421	0	0	0.063	0.434
C1QC	CYBB	9606.ENSP00000363770	9606.ENSP00000367851	0	0	0	0	0.347	0	0	0.173	0.437
C1QC	HLA-DRA	9606.ENSP00000363770	9606.ENSP00000378786	0	0	0	0	0.349	0	0	0.285	0.514
C1QC	RNASE1	9606.ENSP00000363770	9606.ENSP00000381057	0	0	0	0	0.562	0	0	0.067	0.574
C1QC	MS4A6A	9606.ENSP00000363770	9606.ENSP00000392770	0	0	0	0	0.540	0	0	0.120	0.578
C1QC	GPR34	9606.ENSP00000363770	9606.ENSP00000367384	0	0	0	0	0.403	0	0	0.371	0.609
C1QC	C1QA	9606.ENSP00000363770	9606.ENSP00000363773	0	0	0.397	0.825	0.954	0.961	0.900	0.803	0.999
C1orf105	SLC26A9	9606.ENSP00000356700	9606.ENSP00000356102	0	0	0	0	0	0	0	0.451	0.451
CCR2	LCP2	9606.ENSP00000292301	9606.ENSP00000046794	0	0	0	0	0.399	0	0	0.175	0.484
CCR2	CD69	9606.ENSP00000292301	9606.ENSP00000228434	0	0	0	0	0.182	0	0	0.500	0.573
CCR2	SELL	9606.ENSP00000292301	9606.ENSP00000236147	0	0	0	0	0.213	0	0	0.630	0.696
CCR2	CLEC10A	9606.ENSP00000292301	9606.ENSP00000254868	0	0	0	0	0.327	0	0	0.402	0.580
CCR2	LYZ	9606.ENSP00000292301	9606.ENSP00000261267	0	0	0	0	0.345	0	0	0.198	0.452
CCR2	TYROBP	9606.ENSP00000292301	9606.ENSP00000262629	0	0	0	0	0.289	0	0	0.294	0.477
CCR2	FCGR2A	9606.ENSP00000292301	9606.ENSP00000271450	0	0	0	0	0.161	0	0	0.528	0.587
CCR2	RNASE6	9606.ENSP00000292301	9606.ENSP00000302046	0	0	0	0	0.403	0	0	0	0.403
CCR2	HLA-DQB1	9606.ENSP00000292301	9606.ENSP00000364080	0	0	0	0	0.109	0	0	0.359	0.405
CCR2	RGS18	9606.ENSP00000292301	9606.ENSP00000356430	0	0	0	0	0.374	0.056	0	0.083	0.411
CCR2	FYB	9606.ENSP00000292301	9606.ENSP00000427114	0	0	0	0	0.402	0	0	0.066	0.418
CCR2	S100A12	9606.ENSP00000292301	9606.ENSP00000357726	0	0	0	0	0.232	0	0	0.307	0.445
CCR2	MPEG1	9606.ENSP00000292301	9606.ENSP00000354335	0	0	0	0	0.359	0	0	0.174	0.448
CCR2	ITGA4	9606.ENSP00000292301	9606.ENSP00000380227	0	0	0	0	0.130	0	0	0.419	0.472
CCR2	CLEC7A	9606.ENSP00000292301	9606.ENSP00000302569	0	0	0	0	0.144	0	0	0.422	0.484
CCR2	CSF2RB	9606.ENSP00000292301	9606.ENSP00000384053	0	0	0	0	0.410	0	0	0.165	0.486
CCR2	S100A9	9606.ENSP00000292301	9606.ENSP00000357727	0	0	0	0	0.232	0	0	0.376	0.501
CCR2	ACKR1	9606.ENSP00000292301	9606.ENSP00000357103	0	0	0	0	0	0	0	0.527	0.527
CCR2	TLR8	9606.ENSP00000292301	9606.ENSP00000312082	0	0	0	0	0.334	0	0	0.370	0.562
CCR2	CYBB	9606.ENSP00000292301	9606.ENSP00000367851	0	0	0	0	0.380	0	0	0.387	0.603
CCR2	FCGR2B	9606.ENSP00000292301	9606.ENSP00000351497	0	0	0	0	0.201	0	0	0.525	0.604
CCR2	FCGR3B	9606.ENSP00000292301	9606.ENSP00000433642	0	0	0	0	0.231	0	0	0.681	0.744
CCR2	CD86	9606.ENSP00000292301	9606.ENSP00000332049	0	0	0	0	0.354	0	0	0.638	0.756
CCR2	PPBP	9606.ENSP00000292301	9606.ENSP00000296028	0	0	0	0	0.139	0	0.600	0.456	0.796
CCR2	CXCL12	9606.ENSP00000292301	9606.ENSP00000379140	0	0	0	0	0	0.076	0.600	0.740	0.895
CD37	LAPTM5	9606.ENSP00000325708	9606.ENSP00000294507	0	0	0	0	0.559	0	0	0.085	0.579
CD37	CLEC7A	9606.ENSP00000325708	9606.ENSP00000302569	0	0	0	0	0.098	0	0	0.927	0.932
CD69	LCP2	9606.ENSP00000228434	9606.ENSP00000046794	0	0	0	0	0.348	0	0	0.507	0.665
CD69	HLA-DQB1	9606.ENSP00000228434	9606.ENSP00000364080	0	0	0	0	0.083	0	0	0.387	0.414
CD69	CXCL12	9606.ENSP00000228434	9606.ENSP00000379140	0	0	0	0	0	0	0	0.419	0.418
CD69	FYB	9606.ENSP00000228434	9606.ENSP00000427114	0	0	0	0	0.325	0	0	0.187	0.427
CD69	TLR8	9606.ENSP00000228434	9606.ENSP00000312082	0	0	0	0	0.116	0.056	0	0.374	0.431
CD69	BCL2A1	9606.ENSP00000228434	9606.ENSP00000267953	0	0	0	0	0.391	0	0	0.150	0.460
CD69	TYROBP	9606.ENSP00000228434	9606.ENSP00000262629	0	0	0	0	0.158	0.101	0	0.348	0.464
CD69	LCP1	9606.ENSP00000228434	9606.ENSP00000381581	0	0	0	0	0.336	0	0	0.238	0.472
CD69	PTPN22	9606.ENSP00000228434	9606.ENSP00000352833	0	0	0	0	0.161	0.154	0	0.338	0.489
CD69	RGS1	9606.ENSP00000228434	9606.ENSP00000356429	0	0	0	0	0.295	0	0	0.306	0.490
CD69	ITK	9606.ENSP00000228434	9606.ENSP00000398655	0	0	0	0	0.170	0.058	0	0.450	0.532
CD69	CCR2	9606.ENSP00000228434	9606.ENSP00000292301	0	0	0	0	0.182	0	0	0.500	0.573
CD69	FCGR2A	9606.ENSP00000228434	9606.ENSP00000271450	0	0	0	0	0.096	0	0	0.642	0.663
CD69	CXCR4	9606.ENSP00000228434	9606.ENSP00000386884	0	0	0	0	0.214	0	0	0.601	0.672
CD69	ITGA4	9606.ENSP00000228434	9606.ENSP00000380227	0	0	0	0	0.177	0	0	0.618	0.672
CD69	FCGR2B	9606.ENSP00000228434	9606.ENSP00000351497	0	0	0	0	0.135	0	0	0.661	0.694
CD69	FCGR3B	9606.ENSP00000228434	9606.ENSP00000433642	0	0	0	0	0.105	0	0	0.758	0.774
CD69	CD86	9606.ENSP00000228434	9606.ENSP00000332049	0	0	0	0	0.227	0	0	0.819	0.854
CD69	SELL	9606.ENSP00000228434	9606.ENSP00000236147	0	0	0	0	0.314	0	0	0.873	0.909
CD86	LCP2	9606.ENSP00000332049	9606.ENSP00000046794	0	0	0	0	0.391	0	0	0.296	0.553
CD86	BLNK	9606.ENSP00000332049	9606.ENSP00000224337	0	0	0	0	0.307	0	0	0.309	0.501
CD86	CD69	9606.ENSP00000332049	9606.ENSP00000228434	0	0	0	0	0.227	0	0	0.819	0.854
CD86	CLEC4A	9606.ENSP00000332049	9606.ENSP00000229332	0	0	0	0	0.269	0	0	0.394	0.538
CD86	SELL	9606.ENSP00000332049	9606.ENSP00000236147	0	0	0	0	0.256	0	0	0.721	0.784
CD86	CLEC10A	9606.ENSP00000332049	9606.ENSP00000254868	0	0	0	0	0.344	0	0	0.349	0.555
CD86	DOCK2	9606.ENSP00000332049	9606.ENSP00000256935	0	0	0	0	0.343	0	0	0.135	0.408
CD86	LYZ	9606.ENSP00000332049	9606.ENSP00000261267	0	0	0	0	0.297	0	0	0.292	0.481
CD86	TYROBP	9606.ENSP00000332049	9606.ENSP00000262629	0	0	0	0	0.549	0	0	0.370	0.703
CD86	BCL2A1	9606.ENSP00000332049	9606.ENSP00000267953	0	0	0	0	0.362	0	0	0.194	0.463
CD86	FCGR2A	9606.ENSP00000332049	9606.ENSP00000271450	0	0	0	0	0.266	0	0	0.720	0.785
CD86	LY96	9606.ENSP00000332049	9606.ENSP00000284818	0	0	0	0	0.211	0	0	0.461	0.556
CD86	CCR2	9606.ENSP00000332049	9606.ENSP00000292301	0	0	0	0	0.354	0	0	0.638	0.756
CD86	LAPTM5	9606.ENSP00000332049	9606.ENSP00000294507	0	0	0	0	0.403	0	0	0.046	0.407
CD86	RNASE6	9606.ENSP00000332049	9606.ENSP00000302046	0	0	0	0	0.511	0	0	0	0.511
CD86	CLEC7A	9606.ENSP00000332049	9606.ENSP00000302569	0	0	0	0	0.185	0	0	0.519	0.591
CD86	TLR8	9606.ENSP00000332049	9606.ENSP00000312082	0	0	0	0	0.381	0	0	0.595	0.738
CD86	C1QB	9606.ENSP00000332049	9606.ENSP00000313967	0	0	0	0	0.317	0	0	0.257	0.472
CD86	CXCR2	9606.ENSP00000332049	9606.ENSP00000319635	0	0	0	0	0.087	0	0	0.375	0.404
CD86	FYB	9606.ENSP00000332049	9606.ENSP00000427114	0	0	0	0	0.355	0	0	0.113	0.403
CD86	MS4A6A	9606.ENSP00000332049	9606.ENSP00000392770	0	0	0	0	0.403	0	0	0	0.403
CD86	NCF2	9606.ENSP00000332049	9606.ENSP00000356505	0	0	0	0	0.378	0	0	0.103	0.418
CD86	S100A9	9606.ENSP00000332049	9606.ENSP00000357727	0	0	0	0	0.338	0	0	0.172	0.428
CD86	RGS1	9606.ENSP00000332049	9606.ENSP00000356429	0	0	0	0	0.358	0	0	0.171	0.445
CD86	MPEG1	9606.ENSP00000332049	9606.ENSP00000354335	0	0	0	0	0.446	0	0	0	0.446
CD86	LCP1	9606.ENSP00000332049	9606.ENSP00000381581	0	0	0	0	0.352	0	0	0.180	0.446
CD86	HCK	9606.ENSP00000332049	9606.ENSP00000444986	0	0	0	0	0.371	0	0	0.179	0.461
CD86	C1QA	9606.ENSP00000332049	9606.ENSP00000363773	0	0	0	0	0.352	0	0	0.228	0.478
CD86	CXCL12	9606.ENSP00000332049	9606.ENSP00000379140	0	0	0	0	0	0	0	0.504	0.504
CD86	ITGA4	9606.ENSP00000332049	9606.ENSP00000380227	0	0	0	0	0.119	0	0	0.465	0.508
CD86	MNDA	9606.ENSP00000332049	9606.ENSP00000357123	0	0	0	0	0.508	0	0	0.072	0.523
CD86	CSF2RB	9606.ENSP00000332049	9606.ENSP00000384053	0	0	0	0	0.489	0	0	0.181	0.563
CD86	HLA-DQB1	9606.ENSP00000332049	9606.ENSP00000364080	0	0	0	0	0.231	0	0	0.486	0.588
CD86	CXCR4	9606.ENSP00000332049	9606.ENSP00000386884	0	0	0	0	0.137	0	0	0.602	0.642
CD86	CYBB	9606.ENSP00000332049	9606.ENSP00000367851	0	0	0	0	0.535	0	0	0.294	0.657
CD86	FCGR3B	9606.ENSP00000332049	9606.ENSP00000433642	0	0	0	0	0.263	0	0	0.738	0.798
CD86	FCGR2B	9606.ENSP00000332049	9606.ENSP00000351497	0	0	0	0	0.347	0	0	0.759	0.836
CD86	ITK	9606.ENSP00000332049	9606.ENSP00000398655	0	0	0	0	0.125	0	0.900	0.306	0.934
CD86	HLA-DRA	9606.ENSP00000332049	9606.ENSP00000378786	0	0	0	0	0.401	0	0.900	0.301	0.954
CEL	RNASE1	9606.ENSP00000361151	9606.ENSP00000381057	0	0	0	0	0.479	0	0	0.146	0.536
CLEC10A	S100A12	9606.ENSP00000254868	9606.ENSP00000357726	0	0	0	0	0.299	0	0	0.181	0.401
CLEC10A	FCGR3B	9606.ENSP00000254868	9606.ENSP00000433642	0	0	0	0	0.245	0	0	0.257	0.415
CLEC10A	LYZ	9606.ENSP00000254868	9606.ENSP00000261267	0	0	0	0	0.330	0	0	0.181	0.428
CLEC10A	MNDA	9606.ENSP00000254868	9606.ENSP00000357123	0	0	0	0	0.431	0	0	0	0.431
CLEC10A	FCGR2B	9606.ENSP00000254868	9606.ENSP00000351497	0	0	0	0	0.306	0	0	0.245	0.454
CLEC10A	MPEG1	9606.ENSP00000254868	9606.ENSP00000354335	0	0	0	0	0.455	0	0	0.095	0.485
CLEC10A	C1QB	9606.ENSP00000254868	9606.ENSP00000313967	0	0	0	0	0.345	0	0	0.270	0.501
CLEC10A	TYROBP	9606.ENSP00000254868	9606.ENSP00000262629	0	0	0	0	0.482	0.101	0	0.103	0.546
CLEC10A	CD86	9606.ENSP00000254868	9606.ENSP00000332049	0	0	0	0	0.344	0	0	0.349	0.555
CLEC10A	CCR2	9606.ENSP00000254868	9606.ENSP00000292301	0	0	0	0	0.327	0	0	0.402	0.580
CLEC10A	MS4A6A	9606.ENSP00000254868	9606.ENSP00000392770	0	0	0	0	0.521	0	0	0.166	0.583
CLEC10A	DNASE1L3	9606.ENSP00000254868	9606.ENSP00000378053	0	0	0	0	0.068	0	0	0.590	0.602
CLEC10A	TLR8	9606.ENSP00000254868	9606.ENSP00000312082	0	0	0	0	0.526	0.056	0	0.193	0.607
CLEC4A	PILRA	9606.ENSP00000229332	9606.ENSP00000198536	0	0	0	0	0.218	0	0	0.381	0.495
CLEC4A	FCN1	9606.ENSP00000229332	9606.ENSP00000360871	0	0	0	0	0.313	0.158	0	0.129	0.452
CLEC4A	FCGR2B	9606.ENSP00000229332	9606.ENSP00000351497	0	0	0	0	0.229	0	0	0.335	0.465
CLEC4A	FCGR2A	9606.ENSP00000229332	9606.ENSP00000271450	0	0	0	0	0.262	0	0	0.325	0.480
CLEC4A	NCF2	9606.ENSP00000229332	9606.ENSP00000356505	0	0	0	0	0.467	0	0	0.063	0.480
CLEC4A	CLEC7A	9606.ENSP00000229332	9606.ENSP00000302569	0	0	0	0.632	0.332	0	0	0.682	0.497
CLEC4A	CD86	9606.ENSP00000229332	9606.ENSP00000332049	0	0	0	0	0.269	0	0	0.394	0.538
CLEC4A	MNDA	9606.ENSP00000229332	9606.ENSP00000357123	0	0	0	0	0.563	0	0	0.097	0.588
CLEC4A	HCK	9606.ENSP00000229332	9606.ENSP00000444986	0	0	0	0	0.534	0.058	0	0.140	0.589
CLEC4A	IGSF6	9606.ENSP00000229332	9606.ENSP00000268389	0	0	0	0	0.566	0	0	0.268	0.668
CLEC4A	MS4A6A	9606.ENSP00000229332	9606.ENSP00000392770	0	0	0	0	0.665	0	0	0.150	0.704
CLEC4A	TYROBP	9606.ENSP00000229332	9606.ENSP00000262629	0	0	0	0	0.554	0.101	0	0.391	0.734
CLEC4A	TLR8	9606.ENSP00000229332	9606.ENSP00000312082	0	0	0	0	0.539	0.056	0	0.458	0.743
CLEC7A	CLEC4A	9606.ENSP00000302569	9606.ENSP00000229332	0	0	0	0.632	0.332	0	0	0.682	0.497
CLEC7A	TYROBP	9606.ENSP00000302569	9606.ENSP00000262629	0	0	0	0	0.230	0.213	0	0.666	0.780
CLEC7A	IGSF6	9606.ENSP00000302569	9606.ENSP00000268389	0	0	0	0	0.546	0	0	0.136	0.591
CLEC7A	FCGR2A	9606.ENSP00000302569	9606.ENSP00000271450	0	0	0	0	0.290	0	0	0.468	0.606
CLEC7A	LY96	9606.ENSP00000302569	9606.ENSP00000284818	0	0	0	0	0.106	0	0	0.456	0.493
CLEC7A	CCR2	9606.ENSP00000302569	9606.ENSP00000292301	0	0	0	0	0.144	0	0	0.422	0.484
CLEC7A	FCGR3B	9606.ENSP00000302569	9606.ENSP00000433642	0	0	0	0	0.162	0	0	0.364	0.444
CLEC7A	CYBB	9606.ENSP00000302569	9606.ENSP00000367851	0	0	0	0	0.169	0	0	0.415	0.493
CLEC7A	FCN1	9606.ENSP00000302569	9606.ENSP00000360871	0	0	0	0	0.249	0.158	0	0.278	0.504
CLEC7A	CD86	9606.ENSP00000302569	9606.ENSP00000332049	0	0	0	0	0.185	0	0	0.519	0.591
CLEC7A	TLR8	9606.ENSP00000302569	9606.ENSP00000312082	0	0	0	0	0.327	0.056	0	0.505	0.658
CLEC7A	CD37	9606.ENSP00000302569	9606.ENSP00000325708	0	0	0	0	0.098	0	0	0.927	0.932
CLEC7A	FCGR2B	9606.ENSP00000302569	9606.ENSP00000351497	0	0	0	0	0.151	0	0	0.988	0.990
CNN3	LCP1	9606.ENSP00000359225	9606.ENSP00000381581	0	0	0	0	0.062	0.464	0	0.258	0.594
COL15A1	MFAP4	9606.ENSP00000364140	9606.ENSP00000378957	0	0	0	0	0.154	0	0	0.379	0.452
COTL1	LAPTM5	9606.ENSP00000262428	9606.ENSP00000294507	0	0	0	0	0.130	0	0	0.393	0.449
COTL1	ALOX5AP	9606.ENSP00000262428	9606.ENSP00000479870	0	0	0	0	0.090	0	0	0.643	0.661
COTL1	LCP1	9606.ENSP00000262428	9606.ENSP00000381581	0	0	0	0	0.178	0.368	0	0.434	0.680
CPA3	TPSB2	9606.ENSP00000296046	9606.ENSP00000482743	0	0	0	0	0.201	0.139	0	0.731	0.799
CPA3	TPSAB1	9606.ENSP00000296046	9606.ENSP00000343577	0	0	0	0	0.538	0.139	0	0.769	0.900
CRTAM	LCP2	9606.ENSP00000227348	9606.ENSP00000046794	0	0	0	0	0.533	0	0	0.045	0.535
CRTAM	PTPN22	9606.ENSP00000227348	9606.ENSP00000352833	0	0	0	0	0.522	0	0	0.057	0.529
CRTAM	ITK	9606.ENSP00000227348	9606.ENSP00000398655	0	0	0	0	0.650	0	0	0.207	0.710
CSF2RB	LCP2	9606.ENSP00000384053	9606.ENSP00000046794	0	0	0	0	0.687	0	0	0	0.687
CSF2RB	DOCK2	9606.ENSP00000384053	9606.ENSP00000256935	0	0	0	0	0.468	0	0	0	0.468
CSF2RB	TYROBP	9606.ENSP00000384053	9606.ENSP00000262629	0	0	0	0	0.517	0	0	0.054	0.523
CSF2RB	GPR65	9606.ENSP00000384053	9606.ENSP00000267549	0	0	0	0	0.575	0	0	0	0.575
CSF2RB	BCL2A1	9606.ENSP00000384053	9606.ENSP00000267953	0	0	0	0	0.415	0	0	0.075	0.436
CSF2RB	CCR2	9606.ENSP00000384053	9606.ENSP00000292301	0	0	0	0	0.410	0	0	0.165	0.486
CSF2RB	LAPTM5	9606.ENSP00000384053	9606.ENSP00000294507	0	0	0	0	0.535	0	0	0	0.535
CSF2RB	RNASE6	9606.ENSP00000384053	9606.ENSP00000302046	0	0	0	0	0.498	0	0	0.142	0.550
CSF2RB	C1QB	9606.ENSP00000384053	9606.ENSP00000313967	0	0	0	0	0.561	0	0	0.123	0.598
CSF2RB	CD86	9606.ENSP00000384053	9606.ENSP00000332049	0	0	0	0	0.489	0	0	0.181	0.563
CSF2RB	FCGR2B	9606.ENSP00000384053	9606.ENSP00000351497	0	0	0	0	0.370	0	0	0.151	0.442
CSF2RB	PTPN22	9606.ENSP00000384053	9606.ENSP00000352833	0	0	0	0	0.553	0	0	0	0.553
CSF2RB	MPEG1	9606.ENSP00000384053	9606.ENSP00000354335	0	0	0	0	0.647	0	0	0	0.647
CSF2RB	RGS18	9606.ENSP00000384053	9606.ENSP00000356430	0	0	0	0	0.626	0	0	0	0.626
CSF2RB	NCF2	9606.ENSP00000384053	9606.ENSP00000356505	0	0	0	0	0.395	0	0	0.066	0.410
CSF2RB	MNDA	9606.ENSP00000384053	9606.ENSP00000357123	0	0	0	0	0.448	0	0	0.146	0.508
CSF2RB	C1QC	9606.ENSP00000384053	9606.ENSP00000363770	0	0	0	0	0.421	0	0	0.063	0.434
CSF2RB	C1QA	9606.ENSP00000384053	9606.ENSP00000363773	0	0	0	0	0.463	0	0	0	0.463
CSF2RB	CYBB	9606.ENSP00000384053	9606.ENSP00000367851	0	0	0	0	0.507	0	0	0.109	0.542
CSF2RB	ALOX5AP	9606.ENSP00000384053	9606.ENSP00000479870	0	0	0	0	0.426	0	0	0.057	0.436
CSF2RB	FCGR3B	9606.ENSP00000384053	9606.ENSP00000433642	0	0	0	0	0.348	0	0	0.187	0.448
CSF2RB	HCK	9606.ENSP00000384053	9606.ENSP00000444986	0	0	0	0	0.349	0.225	0	0.060	0.484
CSF2RB	FYB	9606.ENSP00000384053	9606.ENSP00000427114	0	0	0	0	0.633	0	0	0	0.633
CTSZ	C1QC	9606.ENSP00000217131	9606.ENSP00000363770	0	0	0	0	0.170	0	0	0.316	0.408
CTSZ	LAPTM5	9606.ENSP00000217131	9606.ENSP00000294507	0	0	0	0	0.236	0	0	0.274	0.422
CTSZ	C1QA	9606.ENSP00000217131	9606.ENSP00000363773	0	0	0	0	0.210	0	0	0.339	0.455
CTSZ	SERPINA1	9606.ENSP00000217131	9606.ENSP00000416066	0	0	0	0	0.130	0.067	0.300	0.184	0.474
CXCL12	CD69	9606.ENSP00000379140	9606.ENSP00000228434	0	0	0	0	0	0	0	0.419	0.418
CXCL12	SELL	9606.ENSP00000379140	9606.ENSP00000236147	0	0	0	0	0	0	0	0.621	0.621
CXCL12	LYVE1	9606.ENSP00000379140	9606.ENSP00000256178	0	0	0	0	0.138	0	0	0.488	0.540
CXCL12	CCR2	9606.ENSP00000379140	9606.ENSP00000292301	0	0	0	0	0	0.076	0.600	0.740	0.895
CXCL12	PPBP	9606.ENSP00000379140	9606.ENSP00000296028	0	0	0	0	0	0.237	0	0.601	0.682
CXCL12	CXCR2	9606.ENSP00000379140	9606.ENSP00000319635	0	0	0	0	0	0.076	0.600	0.787	0.914
CXCL12	CD86	9606.ENSP00000379140	9606.ENSP00000332049	0	0	0	0	0	0	0	0.504	0.504
CXCL12	ACKR1	9606.ENSP00000379140	9606.ENSP00000357103	0	0	0	0	0.076	0	0	0.564	0.580
CXCL12	S100A4	9606.ENSP00000379140	9606.ENSP00000357705	0	0	0	0	0	0	0	0.464	0.463
CXCL12	BMP7	9606.ENSP00000379140	9606.ENSP00000379204	0	0	0	0	0	0	0	0.454	0.454
CXCL12	SNAI2	9606.ENSP00000379140	9606.ENSP00000380034	0	0	0	0	0.088	0	0	0.426	0.454
CXCL12	FCGR3B	9606.ENSP00000379140	9606.ENSP00000433642	0	0	0	0	0.062	0	0	0.451	0.463
CXCL12	ITGA4	9606.ENSP00000379140	9606.ENSP00000380227	0	0	0	0	0	0	0	0.525	0.525
CXCL12	HCK	9606.ENSP00000379140	9606.ENSP00000444986	0	0	0	0	0	0	0.900	0.193	0.915
CXCL12	CXCR4	9606.ENSP00000379140	9606.ENSP00000386884	0	0	0	0	0	0.848	0.900	0.990	0.999
CXCR2	SELL	9606.ENSP00000319635	9606.ENSP00000236147	0	0	0	0	0.182	0	0	0.521	0.592
CXCR2	FCGR2A	9606.ENSP00000319635	9606.ENSP00000271450	0	0	0	0	0.139	0	0	0.390	0.452
CXCR2	PROK2	9606.ENSP00000319635	9606.ENSP00000295619	0	0	0	0	0.277	0	0	0.324	0.490
CXCR2	PPBP	9606.ENSP00000319635	9606.ENSP00000296028	0	0	0	0	0.143	0.463	0.800	0.983	0.998
CXCR2	S100A12	9606.ENSP00000319635	9606.ENSP00000357726	0	0	0	0	0.299	0	0	0.182	0.402
CXCR2	CD86	9606.ENSP00000319635	9606.ENSP00000332049	0	0	0	0	0.087	0	0	0.375	0.404
CXCR2	ACKR1	9606.ENSP00000319635	9606.ENSP00000357103	0	0	0	0	0	0	0	0.553	0.553
CXCR2	VNN2	9606.ENSP00000319635	9606.ENSP00000322276	0	0	0	0	0.545	0	0	0.167	0.605
CXCR2	FCGR3B	9606.ENSP00000319635	9606.ENSP00000433642	0	0	0	0	0.316	0	0	0.455	0.611
CXCR2	CXCL12	9606.ENSP00000319635	9606.ENSP00000379140	0	0	0	0	0	0.076	0.600	0.787	0.914
CXCR4	LCP2	9606.ENSP00000386884	9606.ENSP00000046794	0	0	0	0	0.180	0	0	0.381	0.470
CXCR4	CD69	9606.ENSP00000386884	9606.ENSP00000228434	0	0	0	0	0.214	0	0	0.601	0.672
CXCR4	SELL	9606.ENSP00000386884	9606.ENSP00000236147	0	0	0	0	0.174	0	0	0.653	0.701
CXCR4	DOCK2	9606.ENSP00000386884	9606.ENSP00000256935	0	0	0	0	0.158	0	0	0.445	0.513
CXCR4	FCGR2A	9606.ENSP00000386884	9606.ENSP00000271450	0	0	0	0	0.088	0	0	0.452	0.478
CXCR4	LY96	9606.ENSP00000386884	9606.ENSP00000284818	0	0	0	0	0	0	0	0.403	0.403
CXCR4	PPBP	9606.ENSP00000386884	9606.ENSP00000296028	0	0	0	0	0.069	0	0.600	0.459	0.780
CXCR4	ALDH1A1	9606.ENSP00000386884	9606.ENSP00000297785	0	0	0	0	0	0	0	0.468	0.468
CXCR4	CD86	9606.ENSP00000386884	9606.ENSP00000332049	0	0	0	0	0.137	0	0	0.602	0.642
CXCR4	DNAJC14	9606.ENSP00000386884	9606.ENSP00000350223	0	0	0	0	0	0	0	0.469	0.469
CXCR4	FCGR2B	9606.ENSP00000386884	9606.ENSP00000351497	0	0	0	0	0.098	0	0	0.454	0.486
CXCR4	RGS1	9606.ENSP00000386884	9606.ENSP00000356429	0	0	0	0	0.188	0.056	0	0.324	0.437
CXCR4	ACKR1	9606.ENSP00000386884	9606.ENSP00000357103	0	0	0	0	0	0	0	0.460	0.460
CXCR4	S100A4	9606.ENSP00000386884	9606.ENSP00000357705	0	0	0	0	0.069	0	0	0.394	0.411
CXCR4	CXCL12	9606.ENSP00000386884	9606.ENSP00000379140	0	0	0	0	0	0.848	0.900	0.990	0.999
CXCR4	SNAI2	9606.ENSP00000386884	9606.ENSP00000380034	0	0	0	0	0	0	0	0.459	0.459
CXCR4	ITGA4	9606.ENSP00000386884	9606.ENSP00000380227	0	0	0	0	0.095	0	0	0.685	0.703
CXCR4	RGS13	9606.ENSP00000386884	9606.ENSP00000442837	0	0	0	0	0.065	0.056	0	0.384	0.408
CXCR4	FCGR3B	9606.ENSP00000386884	9606.ENSP00000433642	0	0	0	0	0.094	0	0	0.561	0.585
CYBB	LCP2	9606.ENSP00000367851	9606.ENSP00000046794	0	0	0	0	0.481	0	0	0.075	0.500
CYBB	SELL	9606.ENSP00000367851	9606.ENSP00000236147	0	0	0	0	0.306	0	0	0.219	0.435
CYBB	DOCK2	9606.ENSP00000367851	9606.ENSP00000256935	0	0	0	0	0.335	0	0	0.329	0.535
CYBB	LYZ	9606.ENSP00000367851	9606.ENSP00000261267	0	0	0	0	0.379	0	0	0.199	0.482
CYBB	TYROBP	9606.ENSP00000367851	9606.ENSP00000262629	0	0	0	0	0.556	0	0	0.181	0.621
CYBB	BCL2A1	9606.ENSP00000367851	9606.ENSP00000267953	0	0	0	0	0.359	0	0	0.176	0.449
CYBB	IGSF6	9606.ENSP00000367851	9606.ENSP00000268389	0	0	0	0	0.425	0	0	0.057	0.435
CYBB	FCGR2A	9606.ENSP00000367851	9606.ENSP00000271450	0	0	0	0	0.334	0	0	0.286	0.504
CYBB	CCR2	9606.ENSP00000367851	9606.ENSP00000292301	0	0	0	0	0.380	0	0	0.387	0.603
CYBB	LAPTM5	9606.ENSP00000367851	9606.ENSP00000294507	0	0	0	0	0.473	0	0	0.067	0.487
CYBB	RNASE6	9606.ENSP00000367851	9606.ENSP00000302046	0	0	0	0	0.535	0	0	0.058	0.543
CYBB	CLEC7A	9606.ENSP00000367851	9606.ENSP00000302569	0	0	0	0	0.169	0	0	0.415	0.493
CYBB	TLR8	9606.ENSP00000367851	9606.ENSP00000312082	0	0	0	0	0.496	0.059	0	0.252	0.614
CYBB	C1QB	9606.ENSP00000367851	9606.ENSP00000313967	0	0	0	0	0.412	0	0	0.233	0.530
CYBB	CD86	9606.ENSP00000367851	9606.ENSP00000332049	0	0	0	0	0.535	0	0	0.294	0.657
CYBB	FPR3	9606.ENSP00000367851	9606.ENSP00000341821	0	0	0	0	0.327	0	0	0.245	0.470
CYBB	FCGR2B	9606.ENSP00000367851	9606.ENSP00000351497	0	0	0	0	0.361	0	0	0.248	0.499
CYBB	MPEG1	9606.ENSP00000367851	9606.ENSP00000354335	0	0	0	0	0.467	0	0	0.213	0.563
CYBB	NCF2	9606.ENSP00000367851	9606.ENSP00000356505	0	0	0	0	0.382	0.462	0.900	0.992	0.999
CYBB	MNDA	9606.ENSP00000367851	9606.ENSP00000357123	0	0	0	0	0.535	0	0	0.054	0.541
CYBB	S100A8	9606.ENSP00000367851	9606.ENSP00000357722	0	0	0	0	0.347	0	0.600	0.150	0.758
CYBB	S100A12	9606.ENSP00000367851	9606.ENSP00000357726	0	0	0	0	0.309	0	0	0.208	0.430
CYBB	S100A9	9606.ENSP00000367851	9606.ENSP00000357727	0	0	0	0	0.351	0	0.600	0.154	0.761
CYBB	C1QC	9606.ENSP00000367851	9606.ENSP00000363770	0	0	0	0	0.347	0	0	0.173	0.437
CYBB	C1QA	9606.ENSP00000367851	9606.ENSP00000363773	0	0	0	0	0.384	0	0	0.162	0.462
CYBB	LCP1	9606.ENSP00000367851	9606.ENSP00000381581	0	0	0	0	0.371	0	0	0.099	0.409
CYBB	HLA-DRA	9606.ENSP00000367851	9606.ENSP00000378786	0	0	0	0	0.368	0	0	0.112	0.415
CYBB	FYB	9606.ENSP00000367851	9606.ENSP00000427114	0	0	0	0	0.387	0	0	0.112	0.433
CYBB	FCGR3B	9606.ENSP00000367851	9606.ENSP00000433642	0	0	0	0	0.329	0	0	0.229	0.461
CYBB	CSF2RB	9606.ENSP00000367851	9606.ENSP00000384053	0	0	0	0	0.507	0	0	0.109	0.542
CYBB	HCK	9606.ENSP00000367851	9606.ENSP00000444986	0	0	0	0	0.476	0.078	0	0.194	0.577
DNAJC14	CXCR4	9606.ENSP00000350223	9606.ENSP00000386884	0	0	0	0	0	0	0	0.469	0.469
DNASE1L3	CLEC10A	9606.ENSP00000378053	9606.ENSP00000254868	0	0	0	0	0.068	0	0	0.590	0.602
DOCK2	LCP2	9606.ENSP00000256935	9606.ENSP00000046794	0	0	0	0	0.670	0	0	0.378	0.786
DOCK2	CD86	9606.ENSP00000256935	9606.ENSP00000332049	0	0	0	0	0.343	0	0	0.135	0.408
DOCK2	CSF2RB	9606.ENSP00000256935	9606.ENSP00000384053	0	0	0	0	0.468	0	0	0	0.468
DOCK2	CXCR4	9606.ENSP00000256935	9606.ENSP00000386884	0	0	0	0	0.158	0	0	0.445	0.513
DOCK2	TYROBP	9606.ENSP00000256935	9606.ENSP00000262629	0	0	0	0	0.262	0	0	0.374	0.518
DOCK2	CYBB	9606.ENSP00000256935	9606.ENSP00000367851	0	0	0	0	0.335	0	0	0.329	0.535
DOCK2	EVI2B	9606.ENSP00000256935	9606.ENSP00000333779	0	0	0	0	0.563	0	0	0.124	0.601
DOCK2	LCP1	9606.ENSP00000256935	9606.ENSP00000381581	0	0	0	0	0.569	0.066	0	0.100	0.606
DOCK2	LAPTM5	9606.ENSP00000256935	9606.ENSP00000294507	0	0	0	0	0.576	0	0	0.218	0.654
DOCK2	FYB	9606.ENSP00000256935	9606.ENSP00000427114	0	0	0	0	0.458	0.270	0	0.290	0.695
DOCK2	HCK	9606.ENSP00000256935	9606.ENSP00000444986	0	0	0	0	0.257	0.057	0.900	0.224	0.938
EMR2	PILRA	9606.ENSP00000319883	9606.ENSP00000198536	0	0	0	0	0.110	0	0	0.452	0.492
EVI2A	LY96	9606.ENSP00000247270	9606.ENSP00000284818	0	0	0	0	0.522	0	0	0	0.522
EVI2A	EVI2B	9606.ENSP00000247270	9606.ENSP00000333779	0	0	0	0	0.783	0	0	0.907	0.978
EVI2B	LCP2	9606.ENSP00000333779	9606.ENSP00000046794	0	0	0	0	0.633	0	0	0.243	0.710
EVI2B	SELL	9606.ENSP00000333779	9606.ENSP00000236147	0	0	0	0	0.468	0	0	0	0.468
EVI2B	EVI2A	9606.ENSP00000333779	9606.ENSP00000247270	0	0	0	0	0.783	0	0	0.907	0.978
EVI2B	DOCK2	9606.ENSP00000333779	9606.ENSP00000256935	0	0	0	0	0.563	0	0	0.124	0.601
EVI2B	TYROBP	9606.ENSP00000333779	9606.ENSP00000262629	0	0	0	0	0.497	0	0	0.189	0.575
EVI2B	GPR65	9606.ENSP00000333779	9606.ENSP00000267549	0	0	0	0	0.267	0	0	0.362	0.512
EVI2B	LAPTM5	9606.ENSP00000333779	9606.ENSP00000294507	0	0	0	0	0.662	0	0	0.369	0.777
EVI2B	RNASE6	9606.ENSP00000333779	9606.ENSP00000302046	0	0	0	0	0.545	0	0	0.073	0.560
EVI2B	LCP1	9606.ENSP00000333779	9606.ENSP00000381581	0	0	0	0	0.523	0	0	0	0.523
EVI2B	ALOX5AP	9606.ENSP00000333779	9606.ENSP00000479870	0	0	0	0	0.534	0	0	0.048	0.538
EVI2B	MNDA	9606.ENSP00000333779	9606.ENSP00000357123	0	0	0	0	0.535	0	0	0.125	0.576
EVI2B	FYB	9606.ENSP00000333779	9606.ENSP00000427114	0	0	0	0	0.561	0	0	0.181	0.625
FAM3B	RCAN1	9606.ENSP00000350673	9606.ENSP00000370527	0	0	0	0	0	0	0	0.450	0.450
FCGR1B	TYROBP	9606.ENSP00000358391	9606.ENSP00000262629	0	0	0	0	0.694	0	0	0.050	0.697
FCGR1B	MNDA	9606.ENSP00000358391	9606.ENSP00000357123	0	0	0	0	0.426	0	0	0.077	0.448
FCGR1B	C1QA	9606.ENSP00000358391	9606.ENSP00000363773	0	0	0	0	0.362	0	0	0.147	0.433
FCGR1B	C1QC	9606.ENSP00000358391	9606.ENSP00000363770	0	0	0	0	0.304	0	0	0.243	0.451
FCGR1B	FCGR3B	9606.ENSP00000358391	9606.ENSP00000433642	0	0	0	0.863	0.438	0	0	0.431	0.470
FCGR1B	HCK	9606.ENSP00000358391	9606.ENSP00000444986	0	0	0	0	0.425	0.129	0	0.074	0.496
FCGR2A	LCP2	9606.ENSP00000271450	9606.ENSP00000046794	0	0	0	0	0.296	0	0	0.284	0.474
FCGR2A	CD69	9606.ENSP00000271450	9606.ENSP00000228434	0	0	0	0	0.096	0	0	0.642	0.663
FCGR2A	CLEC4A	9606.ENSP00000271450	9606.ENSP00000229332	0	0	0	0	0.262	0	0	0.325	0.480
FCGR2A	SELL	9606.ENSP00000271450	9606.ENSP00000236147	0	0	0	0	0.141	0	0	0.688	0.720
FCGR2A	LYZ	9606.ENSP00000271450	9606.ENSP00000261267	0	0	0	0	0.308	0	0	0.177	0.406
FCGR2A	TYROBP	9606.ENSP00000271450	9606.ENSP00000262629	0	0	0	0	0.696	0	0	0.374	0.801
FCGR2A	IGSF6	9606.ENSP00000271450	9606.ENSP00000268389	0	0	0	0	0.410	0	0	0.138	0.470
FCGR2A	MS4A6A	9606.ENSP00000271450	9606.ENSP00000392770	0	0	0	0	0.400	0	0	0	0.400
FCGR2A	PTPN22	9606.ENSP00000271450	9606.ENSP00000352833	0	0	0	0	0.096	0	0	0.419	0.452
FCGR2A	CXCR2	9606.ENSP00000271450	9606.ENSP00000319635	0	0	0	0	0.139	0	0	0.390	0.452
FCGR2A	C1QA	9606.ENSP00000271450	9606.ENSP00000363773	0	0	0	0	0.282	0	0	0.301	0.476
FCGR2A	CXCR4	9606.ENSP00000271450	9606.ENSP00000386884	0	0	0	0	0.088	0	0	0.452	0.478
FCGR2A	ITGA4	9606.ENSP00000271450	9606.ENSP00000380227	0	0	0	0	0.070	0	0	0.468	0.484
FCGR2A	C1QC	9606.ENSP00000271450	9606.ENSP00000363770	0	0	0	0	0.363	0	0	0.242	0.496
FCGR2A	HLA-DQB1	9606.ENSP00000271450	9606.ENSP00000364080	0	0	0	0	0.161	0	0	0.424	0.496
FCGR2A	C1QB	9606.ENSP00000271450	9606.ENSP00000313967	0	0	0	0	0.363	0	0	0.244	0.499
FCGR2A	CYBB	9606.ENSP00000271450	9606.ENSP00000367851	0	0	0	0	0.334	0	0	0.286	0.504
FCGR2A	NCF2	9606.ENSP00000271450	9606.ENSP00000356505	0	0	0	0	0.366	0	0	0.259	0.510
FCGR2A	MNDA	9606.ENSP00000271450	9606.ENSP00000357123	0	0	0	0	0.556	0	0	0.046	0.558
FCGR2A	CCR2	9606.ENSP00000271450	9606.ENSP00000292301	0	0	0	0	0.161	0	0	0.528	0.587
FCGR2A	CLEC7A	9606.ENSP00000271450	9606.ENSP00000302569	0	0	0	0	0.290	0	0	0.468	0.606
FCGR2A	TLR8	9606.ENSP00000271450	9606.ENSP00000312082	0	0	0	0	0.537	0	0	0.382	0.701
FCGR2A	CD86	9606.ENSP00000271450	9606.ENSP00000332049	0	0	0	0	0.266	0	0	0.720	0.785
FCGR2A	FCGR2B	9606.ENSP00000271450	9606.ENSP00000351497	0	0	0	0.965	0.577	0.739	0	0.928	0.888
FCGR2A	HCK	9606.ENSP00000271450	9606.ENSP00000444986	0	0	0	0	0.498	0.213	0.900	0.323	0.969
FCGR2B	LCP2	9606.ENSP00000351497	9606.ENSP00000046794	0	0	0	0	0.343	0	0	0.260	0.493
FCGR2B	BLNK	9606.ENSP00000351497	9606.ENSP00000224337	0	0	0	0	0.175	0	0	0.394	0.478
FCGR2B	CD69	9606.ENSP00000351497	9606.ENSP00000228434	0	0	0	0	0.135	0	0	0.661	0.694
FCGR2B	CLEC4A	9606.ENSP00000351497	9606.ENSP00000229332	0	0	0	0	0.229	0	0	0.335	0.465
FCGR2B	SELL	9606.ENSP00000351497	9606.ENSP00000236147	0	0	0	0	0.212	0	0	0.702	0.755
FCGR2B	CLEC10A	9606.ENSP00000351497	9606.ENSP00000254868	0	0	0	0	0.306	0	0	0.245	0.454
FCGR2B	TYROBP	9606.ENSP00000351497	9606.ENSP00000262629	0	0	0	0	0.571	0	0	0.359	0.713
FCGR2B	IGSF6	9606.ENSP00000351497	9606.ENSP00000268389	0	0	0	0	0.367	0	0	0.181	0.460
FCGR2B	FCGR2A	9606.ENSP00000351497	9606.ENSP00000271450	0	0	0	0.965	0.577	0.739	0	0.928	0.888
FCGR2B	CCR2	9606.ENSP00000351497	9606.ENSP00000292301	0	0	0	0	0.201	0	0	0.525	0.604
FCGR2B	LAPTM5	9606.ENSP00000351497	9606.ENSP00000294507	0	0	0	0	0.347	0	0	0.215	0.466
FCGR2B	CLEC7A	9606.ENSP00000351497	9606.ENSP00000302569	0	0	0	0	0.151	0	0	0.988	0.990
FCGR2B	TLR8	9606.ENSP00000351497	9606.ENSP00000312082	0	0	0	0	0.341	0	0	0.370	0.567
FCGR2B	C1QB	9606.ENSP00000351497	9606.ENSP00000313967	0	0	0	0	0.299	0	0	0.354	0.528
FCGR2B	CD86	9606.ENSP00000351497	9606.ENSP00000332049	0	0	0	0	0.347	0	0	0.759	0.836
FCGR2B	HLA-DQB1	9606.ENSP00000351497	9606.ENSP00000364080	0	0	0	0	0.196	0	0	0.312	0.424
FCGR2B	CSF2RB	9606.ENSP00000351497	9606.ENSP00000384053	0	0	0	0	0.370	0	0	0.151	0.442
FCGR2B	ITGA4	9606.ENSP00000351497	9606.ENSP00000380227	0	0	0	0	0.077	0	0	0.458	0.478
FCGR2B	MPEG1	9606.ENSP00000351497	9606.ENSP00000354335	0	0	0	0	0.389	0	0	0.179	0.478
FCGR2B	C1QC	9606.ENSP00000351497	9606.ENSP00000363770	0	0	0	0	0.326	0	0	0.269	0.486
FCGR2B	CXCR4	9606.ENSP00000351497	9606.ENSP00000386884	0	0	0	0	0.098	0	0	0.454	0.486
FCGR2B	MNDA	9606.ENSP00000351497	9606.ENSP00000357123	0	0	0	0	0.448	0	0	0.128	0.498
FCGR2B	CYBB	9606.ENSP00000351497	9606.ENSP00000367851	0	0	0	0	0.361	0	0	0.248	0.499
FCGR2B	C1QA	9606.ENSP00000351497	9606.ENSP00000363773	0	0	0	0	0.354	0	0	0.288	0.521
FCGR2B	NCF2	9606.ENSP00000351497	9606.ENSP00000356505	0	0	0	0	0.385	0	0	0.266	0.529
FCGR2B	MS4A6A	9606.ENSP00000351497	9606.ENSP00000392770	0	0	0	0	0.540	0	0	0.044	0.542
FCGR2B	HCK	9606.ENSP00000351497	9606.ENSP00000444986	0	0	0	0	0.533	0	0	0.282	0.651
FCGR3B	LCP2	9606.ENSP00000433642	9606.ENSP00000046794	0	0	0	0	0.264	0	0	0.245	0.421
FCGR3B	CD69	9606.ENSP00000433642	9606.ENSP00000228434	0	0	0	0	0.105	0	0	0.758	0.774
FCGR3B	SELL	9606.ENSP00000433642	9606.ENSP00000236147	0	0	0	0	0.299	0	0	0.754	0.820
FCGR3B	CLEC10A	9606.ENSP00000433642	9606.ENSP00000254868	0	0	0	0	0.245	0	0	0.257	0.415
FCGR3B	TYROBP	9606.ENSP00000433642	9606.ENSP00000262629	0	0	0	0	0.443	0	0	0.600	0.767
FCGR3B	CCR2	9606.ENSP00000433642	9606.ENSP00000292301	0	0	0	0	0.231	0	0	0.681	0.744
FCGR3B	CLEC7A	9606.ENSP00000433642	9606.ENSP00000302569	0	0	0	0	0.162	0	0	0.364	0.444
FCGR3B	TLR8	9606.ENSP00000433642	9606.ENSP00000312082	0	0	0	0	0.491	0	0	0.429	0.697
FCGR3B	C1QB	9606.ENSP00000433642	9606.ENSP00000313967	0	0	0	0	0.279	0	0	0.208	0.405
FCGR3B	CXCR2	9606.ENSP00000433642	9606.ENSP00000319635	0	0	0	0	0.316	0	0	0.455	0.611
FCGR3B	VNN2	9606.ENSP00000433642	9606.ENSP00000322276	0	0	0	0	0.336	0	0	0.219	0.459
FCGR3B	CD86	9606.ENSP00000433642	9606.ENSP00000332049	0	0	0	0	0.263	0	0	0.738	0.798
FCGR3B	MNDA	9606.ENSP00000433642	9606.ENSP00000357123	0	0	0	0	0.522	0	0	0.123	0.562
FCGR3B	S100A8	9606.ENSP00000433642	9606.ENSP00000357722	0	0	0	0	0.472	0	0	0.104	0.507
FCGR3B	S100A12	9606.ENSP00000433642	9606.ENSP00000357726	0	0	0	0	0.527	0	0	0.134	0.573
FCGR3B	S100A9	9606.ENSP00000433642	9606.ENSP00000357727	0	0	0	0	0.421	0	0	0.323	0.591
FCGR3B	FCGR1B	9606.ENSP00000433642	9606.ENSP00000358391	0	0	0	0.863	0.438	0	0	0.431	0.470
FCGR3B	CYBB	9606.ENSP00000433642	9606.ENSP00000367851	0	0	0	0	0.329	0	0	0.229	0.461
FCGR3B	CXCL12	9606.ENSP00000433642	9606.ENSP00000379140	0	0	0	0	0.062	0	0	0.451	0.463
FCGR3B	ITGA4	9606.ENSP00000433642	9606.ENSP00000380227	0	0	0	0	0.066	0	0	0.517	0.529
FCGR3B	CSF2RB	9606.ENSP00000433642	9606.ENSP00000384053	0	0	0	0	0.348	0	0	0.187	0.448
FCGR3B	CXCR4	9606.ENSP00000433642	9606.ENSP00000386884	0	0	0	0	0.094	0	0	0.561	0.585
FCGR3B	SERPINA1	9606.ENSP00000433642	9606.ENSP00000416066	0	0	0	0	0.147	0	0	0.748	0.776
FCGR3B	HCK	9606.ENSP00000433642	9606.ENSP00000444986	0	0	0	0	0.421	0.056	0.800	0.143	0.893
FCN1	CLEC4A	9606.ENSP00000360871	9606.ENSP00000229332	0	0	0	0	0.313	0.158	0	0.129	0.452
FCN1	LYZ	9606.ENSP00000360871	9606.ENSP00000261267	0	0	0	0	0.257	0	0	0.335	0.485
FCN1	TYROBP	9606.ENSP00000360871	9606.ENSP00000262629	0	0	0	0	0.684	0	0	0.114	0.708
FCN1	IGSF6	9606.ENSP00000360871	9606.ENSP00000268389	0	0	0	0	0.381	0	0	0.204	0.486
FCN1	CLEC7A	9606.ENSP00000360871	9606.ENSP00000302569	0	0	0	0	0.249	0.158	0	0.278	0.504
FCN1	TLR8	9606.ENSP00000360871	9606.ENSP00000312082	0	0	0	0	0.370	0.056	0	0.074	0.401
FCN1	C1QB	9606.ENSP00000360871	9606.ENSP00000313967	0	0	0	0.606	0.132	0	0.500	0.280	0.592
FCN1	MNDA	9606.ENSP00000360871	9606.ENSP00000357123	0	0	0	0	0.552	0	0	0.345	0.694
FCN1	S100A8	9606.ENSP00000360871	9606.ENSP00000357722	0	0	0	0	0.555	0	0	0.094	0.580
FCN1	S100A12	9606.ENSP00000360871	9606.ENSP00000357726	0	0	0	0	0.584	0	0	0.241	0.671
FCN1	S100A9	9606.ENSP00000360871	9606.ENSP00000357727	0	0	0	0	0.536	0.192	0	0.060	0.616
FCN1	MS4A6A	9606.ENSP00000360871	9606.ENSP00000392770	0	0	0	0	0.335	0	0	0.193	0.440
FCN1	HCK	9606.ENSP00000360871	9606.ENSP00000444986	0	0	0	0	0.531	0.056	0	0.126	0.579
FCN1	C1QC	9606.ENSP00000360871	9606.ENSP00000363770	0	0	0	0.615	0.142	0	0.500	0.299	0.599
FCN1	C1QA	9606.ENSP00000360871	9606.ENSP00000363773	0	0	0	0	0.164	0	0.500	0.278	0.672
FPR3	TYROBP	9606.ENSP00000341821	9606.ENSP00000262629	0	0	0	0	0.523	0	0	0.114	0.559
FPR3	TLR8	9606.ENSP00000341821	9606.ENSP00000312082	0	0	0	0	0.332	0	0	0.144	0.403
FPR3	C1QB	9606.ENSP00000341821	9606.ENSP00000313967	0	0	0	0	0.533	0	0	0.046	0.535
FPR3	CYBB	9606.ENSP00000341821	9606.ENSP00000367851	0	0	0	0	0.327	0	0	0.245	0.470
FPR3	C1QA	9606.ENSP00000341821	9606.ENSP00000363773	0	0	0	0	0.527	0	0	0	0.527
FPR3	C1QC	9606.ENSP00000341821	9606.ENSP00000363770	0	0	0	0	0.537	0	0	0.054	0.543
FYB	LCP2	9606.ENSP00000427114	9606.ENSP00000046794	0	0	0	0	0.699	0.881	0.900	0.989	0.999
FYB	CD69	9606.ENSP00000427114	9606.ENSP00000228434	0	0	0	0	0.325	0	0	0.187	0.427
FYB	SELL	9606.ENSP00000427114	9606.ENSP00000236147	0	0	0	0	0.353	0	0	0.122	0.408
FYB	DOCK2	9606.ENSP00000427114	9606.ENSP00000256935	0	0	0	0	0.458	0.270	0	0.290	0.695
FYB	LYZ	9606.ENSP00000427114	9606.ENSP00000261267	0	0	0	0	0.348	0	0	0.134	0.411
FYB	TYROBP	9606.ENSP00000427114	9606.ENSP00000262629	0	0	0	0	0.397	0	0	0.226	0.513
FYB	IGSF6	9606.ENSP00000427114	9606.ENSP00000268389	0	0	0	0	0.376	0	0	0.118	0.426
FYB	CCR2	9606.ENSP00000427114	9606.ENSP00000292301	0	0	0	0	0.402	0	0	0.066	0.418
FYB	LAPTM5	9606.ENSP00000427114	9606.ENSP00000294507	0	0	0	0	0.461	0	0	0.155	0.525
FYB	C1QB	9606.ENSP00000427114	9606.ENSP00000313967	0	0	0	0	0.561	0	0	0.113	0.594
FYB	CD86	9606.ENSP00000427114	9606.ENSP00000332049	0	0	0	0	0.355	0	0	0.113	0.403
FYB	EVI2B	9606.ENSP00000427114	9606.ENSP00000333779	0	0	0	0	0.561	0	0	0.181	0.625
FYB	PTPN22	9606.ENSP00000427114	9606.ENSP00000352833	0	0	0	0	0.559	0	0	0.105	0.589
FYB	MPEG1	9606.ENSP00000427114	9606.ENSP00000354335	0	0	0	0	0.619	0	0	0	0.619
FYB	RGS18	9606.ENSP00000427114	9606.ENSP00000356430	0	0	0	0	0.562	0	0	0.049	0.566
FYB	ACKR1	9606.ENSP00000427114	9606.ENSP00000357103	0	0	0	0	0	0	0	0.720	0.720
FYB	MNDA	9606.ENSP00000427114	9606.ENSP00000357123	0	0	0	0	0.386	0	0	0.103	0.426
FYB	C1QC	9606.ENSP00000427114	9606.ENSP00000363770	0	0	0	0	0.417	0	0	0.058	0.427
FYB	C1QA	9606.ENSP00000427114	9606.ENSP00000363773	0	0	0	0	0.446	0	0	0.063	0.458
FYB	CYBB	9606.ENSP00000427114	9606.ENSP00000367851	0	0	0	0	0.387	0	0	0.112	0.433
FYB	HLA-DRA	9606.ENSP00000427114	9606.ENSP00000378786	0	0	0	0	0.220	0	0.900	0.093	0.923
FYB	LCP1	9606.ENSP00000427114	9606.ENSP00000381581	0	0	0	0	0.392	0	0	0.275	0.540
FYB	CSF2RB	9606.ENSP00000427114	9606.ENSP00000384053	0	0	0	0	0.633	0	0	0	0.633
FYB	ITK	9606.ENSP00000427114	9606.ENSP00000398655	0	0	0	0	0.200	0.056	0	0.523	0.608
FYB	ALOX5AP	9606.ENSP00000427114	9606.ENSP00000479870	0	0	0	0	0.369	0	0	0.096	0.406
FYB	HCK	9606.ENSP00000427114	9606.ENSP00000444986	0	0	0	0	0.317	0.056	0	0.235	0.464
GAPT	MNDA	9606.ENSP00000379997	9606.ENSP00000357123	0	0	0	0	0.447	0	0	0.182	0.528
GPR34	TYROBP	9606.ENSP00000367384	9606.ENSP00000262629	0	0	0	0	0.350	0	0	0.341	0.554
GPR34	C1QB	9606.ENSP00000367384	9606.ENSP00000313967	0	0	0	0	0.405	0	0	0.217	0.514
GPR34	C1QC	9606.ENSP00000367384	9606.ENSP00000363770	0	0	0	0	0.403	0	0	0.371	0.609
GPR34	C1QA	9606.ENSP00000367384	9606.ENSP00000363773	0	0	0	0	0.410	0	0	0.480	0.680
GPR65	LCP2	9606.ENSP00000267549	9606.ENSP00000046794	0	0	0	0	0.579	0	0	0	0.579
GPR65	TYROBP	9606.ENSP00000267549	9606.ENSP00000262629	0	0	0	0	0.447	0	0	0.132	0.500
GPR65	RGS1	9606.ENSP00000267549	9606.ENSP00000356429	0	0	0	0	0.341	0.056	0	0.229	0.478
GPR65	EVI2B	9606.ENSP00000267549	9606.ENSP00000333779	0	0	0	0	0.267	0	0	0.362	0.512
GPR65	CSF2RB	9606.ENSP00000267549	9606.ENSP00000384053	0	0	0	0	0.575	0	0	0	0.575
GPR65	IGSF6	9606.ENSP00000267549	9606.ENSP00000268389	0	0	0	0	0.635	0	0	0	0.635
GPR65	PTPN22	9606.ENSP00000267549	9606.ENSP00000352833	0	0	0	0	0.582	0	0	0.161	0.635
HCK	LCP2	9606.ENSP00000444986	9606.ENSP00000046794	0	0	0	0	0.393	0.281	0	0.465	0.746
HCK	BLNK	9606.ENSP00000444986	9606.ENSP00000224337	0	0	0	0	0.159	0.056	0.900	0.412	0.947
HCK	CLEC4A	9606.ENSP00000444986	9606.ENSP00000229332	0	0	0	0	0.534	0.058	0	0.140	0.589
HCK	SELL	9606.ENSP00000444986	9606.ENSP00000236147	0	0	0	0	0.305	0.058	0	0.181	0.417
HCK	DOCK2	9606.ENSP00000444986	9606.ENSP00000256935	0	0	0	0	0.257	0.057	0.900	0.224	0.938
HCK	TYROBP	9606.ENSP00000444986	9606.ENSP00000262629	0	0	0	0	0.804	0	0	0.450	0.887
HCK	IGSF6	9606.ENSP00000444986	9606.ENSP00000268389	0	0	0	0	0.579	0	0	0.156	0.630
HCK	FCGR2A	9606.ENSP00000444986	9606.ENSP00000271450	0	0	0	0	0.498	0.213	0.900	0.323	0.969
HCK	LAPTM5	9606.ENSP00000444986	9606.ENSP00000294507	0	0	0	0	0.563	0	0	0.043	0.564
HCK	HPGDS	9606.ENSP00000444986	9606.ENSP00000295256	0	0	0	0	0.126	0.056	0	0.459	0.515
HCK	TLR8	9606.ENSP00000444986	9606.ENSP00000312082	0	0	0	0	0.539	0.089	0	0.134	0.604
HCK	C1QB	9606.ENSP00000444986	9606.ENSP00000313967	0	0	0	0	0.337	0	0	0.134	0.401
HCK	VNN2	9606.ENSP00000444986	9606.ENSP00000322276	0	0	0	0	0.532	0	0	0.096	0.559
HCK	CD86	9606.ENSP00000444986	9606.ENSP00000332049	0	0	0	0	0.371	0	0	0.179	0.461
HCK	FCGR2B	9606.ENSP00000444986	9606.ENSP00000351497	0	0	0	0	0.533	0	0	0.282	0.651
HCK	MPEG1	9606.ENSP00000444986	9606.ENSP00000354335	0	0	0	0	0.456	0	0	0.060	0.467
HCK	RGS18	9606.ENSP00000444986	9606.ENSP00000356430	0	0	0	0	0.397	0.112	0	0.123	0.489
HCK	NCF2	9606.ENSP00000444986	9606.ENSP00000356505	0	0	0	0	0.772	0.056	0	0.127	0.796
HCK	MNDA	9606.ENSP00000444986	9606.ENSP00000357123	0	0	0	0	0.781	0	0	0.075	0.788
HCK	S100A8	9606.ENSP00000444986	9606.ENSP00000357722	0	0	0	0	0.563	0	0	0.094	0.587
HCK	S100A12	9606.ENSP00000444986	9606.ENSP00000357726	0	0	0	0	0.533	0	0	0.075	0.550
HCK	S100A9	9606.ENSP00000444986	9606.ENSP00000357727	0	0	0	0	0.563	0	0	0.057	0.570
HCK	FCGR1B	9606.ENSP00000444986	9606.ENSP00000358391	0	0	0	0	0.425	0.129	0	0.074	0.496
HCK	FCN1	9606.ENSP00000444986	9606.ENSP00000360871	0	0	0	0	0.531	0.056	0	0.126	0.579
HCK	C1QA	9606.ENSP00000444986	9606.ENSP00000363773	0	0	0	0	0.510	0	0	0.097	0.539
HCK	CYBB	9606.ENSP00000444986	9606.ENSP00000367851	0	0	0	0	0.476	0.078	0	0.194	0.577
HCK	CXCL12	9606.ENSP00000444986	9606.ENSP00000379140	0	0	0	0	0	0	0.900	0.193	0.915
HCK	CSF2RB	9606.ENSP00000444986	9606.ENSP00000384053	0	0	0	0	0.349	0.225	0	0.060	0.484
HCK	MS4A6A	9606.ENSP00000444986	9606.ENSP00000392770	0	0	0	0	0.549	0	0	0.075	0.565
HCK	ITK	9606.ENSP00000444986	9606.ENSP00000398655	0	0	0	0.845	0.081	0	0.900	0.575	0.912
HCK	FYB	9606.ENSP00000444986	9606.ENSP00000427114	0	0	0	0	0.317	0.056	0	0.235	0.464
HCK	FCGR3B	9606.ENSP00000444986	9606.ENSP00000433642	0	0	0	0	0.421	0.056	0.800	0.143	0.893
HCK	ALOX5AP	9606.ENSP00000444986	9606.ENSP00000479870	0	0	0	0	0.556	0	0	0	0.556
HFE2	BMP7	9606.ENSP00000337014	9606.ENSP00000379204	0	0	0	0	0.062	0.075	0	0.697	0.715
HLA-DPB1	LCP2	9606.ENSP00000408146	9606.ENSP00000046794	0	0	0	0	0.206	0	0.600	0.125	0.698
HLA-DPB1	TYROBP	9606.ENSP00000408146	9606.ENSP00000262629	0	0	0	0	0.302	0	0	0.259	0.461
HLA-DPB1	PTPN22	9606.ENSP00000408146	9606.ENSP00000352833	0	0	0	0	0.076	0	0.900	0.459	0.945
HLA-DPB1	HLA-DQB1	9606.ENSP00000408146	9606.ENSP00000364080	0	0	0	0.962	0.273	0	0.720	0.870	0.794
HLA-DPB1	HLA-DRA	9606.ENSP00000408146	9606.ENSP00000378786	0	0	0	0.665	0.394	0.212	0.900	0.753	0.961
HLA-DPB1	ITK	9606.ENSP00000408146	9606.ENSP00000398655	0	0	0	0	0	0	0.600	0.124	0.634
HLA-DQB1	LCP2	9606.ENSP00000364080	9606.ENSP00000046794	0	0	0	0	0.180	0	0.600	0.072	0.669
HLA-DQB1	CD69	9606.ENSP00000364080	9606.ENSP00000228434	0	0	0	0	0.083	0	0	0.387	0.414
HLA-DQB1	SELL	9606.ENSP00000364080	9606.ENSP00000236147	0	0	0	0	0.154	0	0	0.372	0.447
HLA-DQB1	FCGR2A	9606.ENSP00000364080	9606.ENSP00000271450	0	0	0	0	0.161	0	0	0.424	0.496
HLA-DQB1	CCR2	9606.ENSP00000364080	9606.ENSP00000292301	0	0	0	0	0.109	0	0	0.359	0.405
HLA-DQB1	CD86	9606.ENSP00000364080	9606.ENSP00000332049	0	0	0	0	0.231	0	0	0.486	0.588
HLA-DQB1	FCGR2B	9606.ENSP00000364080	9606.ENSP00000351497	0	0	0	0	0.196	0	0	0.312	0.424
HLA-DQB1	PTPN22	9606.ENSP00000364080	9606.ENSP00000352833	0	0	0	0	0.117	0	0.900	0.556	0.957
HLA-DQB1	ITK	9606.ENSP00000364080	9606.ENSP00000398655	0	0	0	0	0.087	0	0.600	0.055	0.625
HLA-DQB1	HLA-DPB1	9606.ENSP00000364080	9606.ENSP00000408146	0	0	0	0.962	0.273	0	0.720	0.870	0.794
HLA-DQB1	HLA-DRA	9606.ENSP00000364080	9606.ENSP00000378786	0	0	0	0.641	0.407	0.345	0.720	0.811	0.915
HLA-DRA	LCP2	9606.ENSP00000378786	9606.ENSP00000046794	0	0	0	0	0.351	0	0.900	0.073	0.934
HLA-DRA	LYZ	9606.ENSP00000378786	9606.ENSP00000261267	0	0	0	0	0.213	0	0	0.290	0.417
HLA-DRA	TYROBP	9606.ENSP00000378786	9606.ENSP00000262629	0	0	0	0	0.422	0	0	0.293	0.574
HLA-DRA	LAPTM5	9606.ENSP00000378786	9606.ENSP00000294507	0	0	0	0	0.479	0	0	0.194	0.562
HLA-DRA	TLR8	9606.ENSP00000378786	9606.ENSP00000312082	0	0	0	0	0.343	0	0	0.179	0.438
HLA-DRA	C1QB	9606.ENSP00000378786	9606.ENSP00000313967	0	0	0	0	0.369	0	0	0.391	0.599
HLA-DRA	CD86	9606.ENSP00000378786	9606.ENSP00000332049	0	0	0	0	0.401	0	0.900	0.301	0.954
HLA-DRA	PTPN22	9606.ENSP00000378786	9606.ENSP00000352833	0	0	0	0	0.117	0	0.900	0.259	0.928
HLA-DRA	RGS1	9606.ENSP00000378786	9606.ENSP00000356429	0	0	0	0	0.333	0	0.900	0.194	0.941
HLA-DRA	MNDA	9606.ENSP00000378786	9606.ENSP00000357123	0	0	0	0	0.384	0	0	0.107	0.427
HLA-DRA	C1QC	9606.ENSP00000378786	9606.ENSP00000363770	0	0	0	0	0.349	0	0	0.285	0.514
HLA-DRA	C1QA	9606.ENSP00000378786	9606.ENSP00000363773	0	0	0	0	0.356	0	0	0.329	0.549
HLA-DRA	HLA-DQB1	9606.ENSP00000378786	9606.ENSP00000364080	0	0	0	0.641	0.407	0.345	0.720	0.811	0.915
HLA-DRA	CYBB	9606.ENSP00000378786	9606.ENSP00000367851	0	0	0	0	0.368	0	0	0.112	0.415
HLA-DRA	ITK	9606.ENSP00000378786	9606.ENSP00000398655	0	0	0	0	0.086	0	0.900	0.066	0.907
HLA-DRA	FYB	9606.ENSP00000378786	9606.ENSP00000427114	0	0	0	0	0.220	0	0.900	0.093	0.923
HLA-DRA	HLA-DPB1	9606.ENSP00000378786	9606.ENSP00000408146	0	0	0	0.665	0.394	0.212	0.900	0.753	0.961
HPGDS	TYROBP	9606.ENSP00000295256	9606.ENSP00000262629	0	0	0	0	0.213	0	0	0.451	0.550
HPGDS	BCL2A1	9606.ENSP00000295256	9606.ENSP00000267953	0	0	0	0	0.069	0	0	0.465	0.481
HPGDS	SERPINA1	9606.ENSP00000295256	9606.ENSP00000416066	0	0	0	0	0	0	0	0.409	0.409
HPGDS	RAB8A	9606.ENSP00000295256	9606.ENSP00000300935	0	0	0	0	0	0	0	0.465	0.465
HPGDS	HCK	9606.ENSP00000295256	9606.ENSP00000444986	0	0	0	0	0.126	0.056	0	0.459	0.515
HPGDS	SNAI2	9606.ENSP00000295256	9606.ENSP00000380034	0	0	0	0	0	0	0	0.694	0.694
ID1	SNAI2	9606.ENSP00000365280	9606.ENSP00000380034	0	0	0	0	0.089	0	0	0.391	0.421
ID1	BMP7	9606.ENSP00000365280	9606.ENSP00000379204	0	0	0	0	0	0	0	0.531	0.531
IGSF6	LCP2	9606.ENSP00000268389	9606.ENSP00000046794	0	0	0	0	0.624	0	0	0	0.624
IGSF6	PILRA	9606.ENSP00000268389	9606.ENSP00000198536	0	0	0	0	0.273	0	0	0.309	0.476
IGSF6	CLEC4A	9606.ENSP00000268389	9606.ENSP00000229332	0	0	0	0	0.566	0	0	0.268	0.668
IGSF6	TYROBP	9606.ENSP00000268389	9606.ENSP00000262629	0	0	0	0	0.795	0	0	0.157	0.819
IGSF6	GPR65	9606.ENSP00000268389	9606.ENSP00000267549	0	0	0	0	0.635	0	0	0	0.635
IGSF6	FYB	9606.ENSP00000268389	9606.ENSP00000427114	0	0	0	0	0.376	0	0	0.118	0.426
IGSF6	CYBB	9606.ENSP00000268389	9606.ENSP00000367851	0	0	0	0	0.425	0	0	0.057	0.435
IGSF6	MPEG1	9606.ENSP00000268389	9606.ENSP00000354335	0	0	0	0	0.381	0	0	0.138	0.443
IGSF6	FCGR2B	9606.ENSP00000268389	9606.ENSP00000351497	0	0	0	0	0.367	0	0	0.181	0.460
IGSF6	FCGR2A	9606.ENSP00000268389	9606.ENSP00000271450	0	0	0	0	0.410	0	0	0.138	0.470
IGSF6	RGS18	9606.ENSP00000268389	9606.ENSP00000356430	0	0	0	0	0.484	0	0	0	0.484
IGSF6	FCN1	9606.ENSP00000268389	9606.ENSP00000360871	0	0	0	0	0.381	0	0	0.204	0.486
IGSF6	C1QC	9606.ENSP00000268389	9606.ENSP00000363770	0	0	0	0	0.413	0	0	0.181	0.499
IGSF6	C1QA	9606.ENSP00000268389	9606.ENSP00000363773	0	0	0	0	0.463	0	0	0.107	0.500
IGSF6	LAPTM5	9606.ENSP00000268389	9606.ENSP00000294507	0	0	0	0	0.322	0	0	0.305	0.509
IGSF6	TLR8	9606.ENSP00000268389	9606.ENSP00000312082	0	0	0	0	0.546	0	0	0.095	0.571
IGSF6	NCF2	9606.ENSP00000268389	9606.ENSP00000356505	0	0	0	0	0.584	0	0	0.045	0.586
IGSF6	CLEC7A	9606.ENSP00000268389	9606.ENSP00000302569	0	0	0	0	0.546	0	0	0.136	0.591
IGSF6	MNDA	9606.ENSP00000268389	9606.ENSP00000357123	0	0	0	0	0.607	0	0	0.072	0.620
IGSF6	HCK	9606.ENSP00000268389	9606.ENSP00000444986	0	0	0	0	0.579	0	0	0.156	0.630
IGSF6	PLA2G7	9606.ENSP00000268389	9606.ENSP00000274793	0	0	0	0	0.562	0	0	0.188	0.630
IGSF6	ALOX5AP	9606.ENSP00000268389	9606.ENSP00000479870	0	0	0	0	0.557	0	0	0.217	0.639
IGSF6	MS4A6A	9606.ENSP00000268389	9606.ENSP00000392770	0	0	0	0	0.634	0	0	0.318	0.740
IGSF6	C1QB	9606.ENSP00000268389	9606.ENSP00000313967	0	0	0	0	0.714	0	0	0.233	0.771
ITGA4	CD69	9606.ENSP00000380227	9606.ENSP00000228434	0	0	0	0	0.177	0	0	0.618	0.672
ITGA4	SELL	9606.ENSP00000380227	9606.ENSP00000236147	0	0	0	0	0.120	0	0	0.829	0.843
ITGA4	FCGR2A	9606.ENSP00000380227	9606.ENSP00000271450	0	0	0	0	0.070	0	0	0.468	0.484
ITGA4	CCR2	9606.ENSP00000380227	9606.ENSP00000292301	0	0	0	0	0.130	0	0	0.419	0.472
ITGA4	CD86	9606.ENSP00000380227	9606.ENSP00000332049	0	0	0	0	0.119	0	0	0.465	0.508
ITGA4	FCGR2B	9606.ENSP00000380227	9606.ENSP00000351497	0	0	0	0	0.077	0	0	0.458	0.478
ITGA4	CXCL12	9606.ENSP00000380227	9606.ENSP00000379140	0	0	0	0	0	0	0	0.525	0.525
ITGA4	FCGR3B	9606.ENSP00000380227	9606.ENSP00000433642	0	0	0	0	0.066	0	0	0.517	0.529
ITGA4	CXCR4	9606.ENSP00000380227	9606.ENSP00000386884	0	0	0	0	0.095	0	0	0.685	0.703
ITK	LCP2	9606.ENSP00000398655	9606.ENSP00000046794	0	0	0	0	0.636	0.882	0.900	0.989	0.999
ITK	BLNK	9606.ENSP00000398655	9606.ENSP00000224337	0	0	0	0	0.062	0.302	0.900	0.480	0.961
ITK	CRTAM	9606.ENSP00000398655	9606.ENSP00000227348	0	0	0	0	0.650	0	0	0.207	0.710
ITK	CD69	9606.ENSP00000398655	9606.ENSP00000228434	0	0	0	0	0.170	0.058	0	0.450	0.532
ITK	SELL	9606.ENSP00000398655	9606.ENSP00000236147	0	0	0	0	0.143	0.058	0	0.348	0.427
ITK	TRAT1	9606.ENSP00000398655	9606.ENSP00000295756	0	0	0	0	0.426	0	0	0.201	0.522
ITK	CD86	9606.ENSP00000398655	9606.ENSP00000332049	0	0	0	0	0.125	0	0.900	0.306	0.934
ITK	PTPN22	9606.ENSP00000398655	9606.ENSP00000352833	0	0	0	0	0.573	0.078	0	0.136	0.630
ITK	HLA-DQB1	9606.ENSP00000398655	9606.ENSP00000364080	0	0	0	0	0.087	0	0.600	0.055	0.625
ITK	HLA-DRA	9606.ENSP00000398655	9606.ENSP00000378786	0	0	0	0	0.086	0	0.900	0.066	0.907
ITK	FYB	9606.ENSP00000398655	9606.ENSP00000427114	0	0	0	0	0.200	0.056	0	0.523	0.608
ITK	HLA-DPB1	9606.ENSP00000398655	9606.ENSP00000408146	0	0	0	0	0	0	0.600	0.124	0.634
ITK	HCK	9606.ENSP00000398655	9606.ENSP00000444986	0	0	0	0.845	0.081	0	0.900	0.575	0.912
ITM2A	STMN2	9606.ENSP00000362395	9606.ENSP00000429243	0	0	0	0	0.063	0	0	0.452	0.465
LAPTM5	LCP2	9606.ENSP00000294507	9606.ENSP00000046794	0	0	0	0	0.592	0	0	0.160	0.642
LAPTM5	CTSZ	9606.ENSP00000294507	9606.ENSP00000217131	0	0	0	0	0.236	0	0	0.274	0.422
LAPTM5	DOCK2	9606.ENSP00000294507	9606.ENSP00000256935	0	0	0	0	0.576	0	0	0.218	0.654
LAPTM5	COTL1	9606.ENSP00000294507	9606.ENSP00000262428	0	0	0	0	0.130	0	0	0.393	0.449
LAPTM5	TYROBP	9606.ENSP00000294507	9606.ENSP00000262629	0	0	0	0	0.794	0	0	0.367	0.864
LAPTM5	BCL2A1	9606.ENSP00000294507	9606.ENSP00000267953	0	0	0	0	0.416	0	0	0.058	0.427
LAPTM5	IGSF6	9606.ENSP00000294507	9606.ENSP00000268389	0	0	0	0	0.322	0	0	0.305	0.509
LAPTM5	CD86	9606.ENSP00000294507	9606.ENSP00000332049	0	0	0	0	0.403	0	0	0.046	0.407
LAPTM5	MS4A6A	9606.ENSP00000294507	9606.ENSP00000392770	0	0	0	0	0.332	0	0	0.152	0.409
LAPTM5	MNDA	9606.ENSP00000294507	9606.ENSP00000357123	0	0	0	0	0.431	0	0	0	0.431
LAPTM5	RGS1	9606.ENSP00000294507	9606.ENSP00000356429	0	0	0	0	0.361	0	0	0.189	0.460
LAPTM5	FCGR2B	9606.ENSP00000294507	9606.ENSP00000351497	0	0	0	0	0.347	0	0	0.215	0.466
LAPTM5	CYBB	9606.ENSP00000294507	9606.ENSP00000367851	0	0	0	0	0.473	0	0	0.067	0.487
LAPTM5	FYB	9606.ENSP00000294507	9606.ENSP00000427114	0	0	0	0	0.461	0	0	0.155	0.525
LAPTM5	CSF2RB	9606.ENSP00000294507	9606.ENSP00000384053	0	0	0	0	0.535	0	0	0	0.535
LAPTM5	HLA-DRA	9606.ENSP00000294507	9606.ENSP00000378786	0	0	0	0	0.479	0	0	0.194	0.562
LAPTM5	HCK	9606.ENSP00000294507	9606.ENSP00000444986	0	0	0	0	0.563	0	0	0.043	0.564
LAPTM5	NCF2	9606.ENSP00000294507	9606.ENSP00000356505	0	0	0	0	0.535	0	0	0.124	0.576
LAPTM5	CD37	9606.ENSP00000294507	9606.ENSP00000325708	0	0	0	0	0.559	0	0	0.085	0.579
LAPTM5	RNASE6	9606.ENSP00000294507	9606.ENSP00000302046	0	0	0	0	0.543	0	0	0.294	0.663
LAPTM5	C1QA	9606.ENSP00000294507	9606.ENSP00000363773	0	0	0	0	0.482	0	0	0.381	0.665
LAPTM5	C1QC	9606.ENSP00000294507	9606.ENSP00000363770	0	0	0	0	0.485	0	0	0.383	0.669
LAPTM5	LCP1	9606.ENSP00000294507	9606.ENSP00000381581	0	0	0	0	0.643	0	0	0.137	0.679
LAPTM5	ALOX5AP	9606.ENSP00000294507	9606.ENSP00000479870	0	0	0	0	0.656	0	0	0.134	0.689
LAPTM5	EVI2B	9606.ENSP00000294507	9606.ENSP00000333779	0	0	0	0	0.662	0	0	0.369	0.777
LAPTM5	C1QB	9606.ENSP00000294507	9606.ENSP00000313967	0	0	0	0	0.628	0	0	0.429	0.779
LCP1	LCP2	9606.ENSP00000381581	9606.ENSP00000046794	0	0	0	0	0.569	0	0	0.050	0.573
LCP1	CD69	9606.ENSP00000381581	9606.ENSP00000228434	0	0	0	0	0.336	0	0	0.238	0.472
LCP1	DOCK2	9606.ENSP00000381581	9606.ENSP00000256935	0	0	0	0	0.569	0.066	0	0.100	0.606
LCP1	LYZ	9606.ENSP00000381581	9606.ENSP00000261267	0	0	0	0	0.262	0	0	0.445	0.573
LCP1	COTL1	9606.ENSP00000381581	9606.ENSP00000262428	0	0	0	0	0.178	0.368	0	0.434	0.680
LCP1	LAPTM5	9606.ENSP00000381581	9606.ENSP00000294507	0	0	0	0	0.643	0	0	0.137	0.679
LCP1	CD86	9606.ENSP00000381581	9606.ENSP00000332049	0	0	0	0	0.352	0	0	0.180	0.446
LCP1	EVI2B	9606.ENSP00000381581	9606.ENSP00000333779	0	0	0	0	0.523	0	0	0	0.523
LCP1	MPEG1	9606.ENSP00000381581	9606.ENSP00000354335	0	0	0	0	0.267	0	0	0.627	0.715
LCP1	MNDA	9606.ENSP00000381581	9606.ENSP00000357123	0	0	0	0	0.307	0	0	0.250	0.458
LCP1	CNN3	9606.ENSP00000381581	9606.ENSP00000359225	0	0	0	0	0.062	0.464	0	0.258	0.594
LCP1	CYBB	9606.ENSP00000381581	9606.ENSP00000367851	0	0	0	0	0.371	0	0	0.099	0.409
LCP1	MFAP4	9606.ENSP00000381581	9606.ENSP00000378957	0	0	0	0	0.062	0	0	0.414	0.427
LCP1	FYB	9606.ENSP00000381581	9606.ENSP00000427114	0	0	0	0	0.392	0	0	0.275	0.540
LCP2	LYZ	9606.ENSP00000046794	9606.ENSP00000261267	0	0	0	0	0.392	0	0	0.067	0.409
LCP2	FCGR3B	9606.ENSP00000046794	9606.ENSP00000433642	0	0	0	0	0.264	0	0	0.245	0.421
LCP2	C1QC	9606.ENSP00000046794	9606.ENSP00000363770	0	0	0	0	0.439	0	0	0.086	0.465
LCP2	CXCR4	9606.ENSP00000046794	9606.ENSP00000386884	0	0	0	0	0.180	0	0	0.381	0.470
LCP2	FCGR2A	9606.ENSP00000046794	9606.ENSP00000271450	0	0	0	0	0.296	0	0	0.284	0.474
LCP2	MNDA	9606.ENSP00000046794	9606.ENSP00000357123	0	0	0	0	0.467	0	0	0.054	0.475
LCP2	CCR2	9606.ENSP00000046794	9606.ENSP00000292301	0	0	0	0	0.399	0	0	0.175	0.484
LCP2	C1QA	9606.ENSP00000046794	9606.ENSP00000363773	0	0	0	0	0.466	0	0	0.090	0.493
LCP2	FCGR2B	9606.ENSP00000046794	9606.ENSP00000351497	0	0	0	0	0.343	0	0	0.260	0.493
LCP2	CYBB	9606.ENSP00000046794	9606.ENSP00000367851	0	0	0	0	0.481	0	0	0.075	0.500
LCP2	NCF2	9606.ENSP00000046794	9606.ENSP00000356505	0	0	0	0	0.390	0	0	0.239	0.516
LCP2	RNASE6	9606.ENSP00000046794	9606.ENSP00000302046	0	0	0	0	0.482	0	0	0.134	0.532
LCP2	CRTAM	9606.ENSP00000046794	9606.ENSP00000227348	0	0	0	0	0.533	0	0	0.045	0.535
LCP2	TRAT1	9606.ENSP00000046794	9606.ENSP00000295756	0	0	0	0	0.257	0.270	0	0.218	0.539
LCP2	SELL	9606.ENSP00000046794	9606.ENSP00000236147	0	0	0	0	0.349	0	0	0.323	0.541
LCP2	CD86	9606.ENSP00000046794	9606.ENSP00000332049	0	0	0	0	0.391	0	0	0.296	0.553
LCP2	C1QB	9606.ENSP00000046794	9606.ENSP00000313967	0	0	0	0	0.534	0	0	0.110	0.568
LCP2	LCP1	9606.ENSP00000046794	9606.ENSP00000381581	0	0	0	0	0.569	0	0	0.050	0.573
LCP2	ALOX5AP	9606.ENSP00000046794	9606.ENSP00000479870	0	0	0	0	0.573	0	0	0	0.573
LCP2	GPR65	9606.ENSP00000046794	9606.ENSP00000267549	0	0	0	0	0.579	0	0	0	0.579
LCP2	RGS1	9606.ENSP00000046794	9606.ENSP00000356429	0	0	0	0	0.541	0	0	0.125	0.581
LCP2	RGS18	9606.ENSP00000046794	9606.ENSP00000356430	0	0	0	0	0.554	0	0	0.138	0.599
LCP2	IGSF6	9606.ENSP00000046794	9606.ENSP00000268389	0	0	0	0	0.624	0	0	0	0.624
LCP2	MPEG1	9606.ENSP00000046794	9606.ENSP00000354335	0	0	0	0	0.639	0	0	0	0.639
LCP2	LAPTM5	9606.ENSP00000046794	9606.ENSP00000294507	0	0	0	0	0.592	0	0	0.160	0.642
LCP2	BCL2A1	9606.ENSP00000046794	9606.ENSP00000267953	0	0	0	0	0.629	0	0	0.081	0.645
LCP2	CD69	9606.ENSP00000046794	9606.ENSP00000228434	0	0	0	0	0.348	0	0	0.507	0.665
LCP2	HLA-DQB1	9606.ENSP00000046794	9606.ENSP00000364080	0	0	0	0	0.180	0	0.600	0.072	0.669
LCP2	PTPN22	9606.ENSP00000046794	9606.ENSP00000352833	0	0	0	0	0.581	0	0	0.266	0.680
LCP2	CSF2RB	9606.ENSP00000046794	9606.ENSP00000384053	0	0	0	0	0.687	0	0	0	0.687
LCP2	HLA-DPB1	9606.ENSP00000046794	9606.ENSP00000408146	0	0	0	0	0.206	0	0.600	0.125	0.698
LCP2	EVI2B	9606.ENSP00000046794	9606.ENSP00000333779	0	0	0	0	0.633	0	0	0.243	0.710
LCP2	HCK	9606.ENSP00000046794	9606.ENSP00000444986	0	0	0	0	0.393	0.281	0	0.465	0.746
LCP2	DOCK2	9606.ENSP00000046794	9606.ENSP00000256935	0	0	0	0	0.670	0	0	0.378	0.786
LCP2	BLNK	9606.ENSP00000046794	9606.ENSP00000224337	0	0	0	0.627	0.161	0.213	0.800	0.822	0.900
LCP2	HLA-DRA	9606.ENSP00000046794	9606.ENSP00000378786	0	0	0	0	0.351	0	0.900	0.073	0.934
LCP2	TYROBP	9606.ENSP00000046794	9606.ENSP00000262629	0	0	0	0	0.572	0	0.600	0.752	0.953
LCP2	ITK	9606.ENSP00000046794	9606.ENSP00000398655	0	0	0	0	0.636	0.882	0.900	0.989	0.999
LCP2	FYB	9606.ENSP00000046794	9606.ENSP00000427114	0	0	0	0	0.699	0.881	0.900	0.989	0.999
LST1	TYROBP	9606.ENSP00000365261	9606.ENSP00000262629	0	0	0	0	0.434	0	0	0	0.434
LY96	EVI2A	9606.ENSP00000284818	9606.ENSP00000247270	0	0	0	0	0.522	0	0	0	0.522
LY96	CXCR4	9606.ENSP00000284818	9606.ENSP00000386884	0	0	0	0	0	0	0	0.403	0.403
LY96	CLEC7A	9606.ENSP00000284818	9606.ENSP00000302569	0	0	0	0	0.106	0	0	0.456	0.493
LY96	CD86	9606.ENSP00000284818	9606.ENSP00000332049	0	0	0	0	0.211	0	0	0.461	0.556
LY96	TLR8	9606.ENSP00000284818	9606.ENSP00000312082	0	0	0	0	0.179	0.064	0	0.680	0.732
LY96	S100A8	9606.ENSP00000284818	9606.ENSP00000357722	0	0	0	0	0.117	0	0.900	0.500	0.951
LY96	S100A9	9606.ENSP00000284818	9606.ENSP00000357727	0	0	0	0	0.118	0	0.900	0.609	0.962
LYVE1	C1QC	9606.ENSP00000256178	9606.ENSP00000363770	0	0	0	0	0.350	0	0	0.133	0.412
LYVE1	C1QB	9606.ENSP00000256178	9606.ENSP00000313967	0	0	0	0	0.351	0	0	0.177	0.444
LYVE1	C1QA	9606.ENSP00000256178	9606.ENSP00000363773	0	0	0	0	0.348	0	0	0.185	0.446
LYVE1	CXCL12	9606.ENSP00000256178	9606.ENSP00000379140	0	0	0	0	0.138	0	0	0.488	0.540
LYZ	LCP2	9606.ENSP00000261267	9606.ENSP00000046794	0	0	0	0	0.392	0	0	0.067	0.409
LYZ	CLEC10A	9606.ENSP00000261267	9606.ENSP00000254868	0	0	0	0	0.330	0	0	0.181	0.428
LYZ	FCGR2A	9606.ENSP00000261267	9606.ENSP00000271450	0	0	0	0	0.308	0	0	0.177	0.406
LYZ	TLR8	9606.ENSP00000261267	9606.ENSP00000312082	0	0	0	0	0.341	0	0	0.136	0.407
LYZ	MS4A6A	9606.ENSP00000261267	9606.ENSP00000392770	0	0	0	0	0.325	0	0	0.163	0.410
LYZ	FYB	9606.ENSP00000261267	9606.ENSP00000427114	0	0	0	0	0.348	0	0	0.134	0.411
LYZ	C1QA	9606.ENSP00000261267	9606.ENSP00000363773	0	0	0	0	0.250	0	0	0.251	0.414
LYZ	HLA-DRA	9606.ENSP00000261267	9606.ENSP00000378786	0	0	0	0	0.213	0	0	0.290	0.417
LYZ	C1QB	9606.ENSP00000261267	9606.ENSP00000313967	0	0	0	0	0.235	0	0	0.283	0.428
LYZ	RNASE6	9606.ENSP00000261267	9606.ENSP00000302046	0	0	0	0	0.438	0	0	0	0.438
LYZ	CCR2	9606.ENSP00000261267	9606.ENSP00000292301	0	0	0	0	0.345	0	0	0.198	0.452
LYZ	S100A12	9606.ENSP00000261267	9606.ENSP00000357726	0	0	0	0	0.234	0	0	0.341	0.473
LYZ	CD86	9606.ENSP00000261267	9606.ENSP00000332049	0	0	0	0	0.297	0	0	0.292	0.481
LYZ	CYBB	9606.ENSP00000261267	9606.ENSP00000367851	0	0	0	0	0.379	0	0	0.199	0.482
LYZ	FCN1	9606.ENSP00000261267	9606.ENSP00000360871	0	0	0	0	0.257	0	0	0.335	0.485
LYZ	SERPINA1	9606.ENSP00000261267	9606.ENSP00000416066	0	0	0	0	0.331	0	0	0.296	0.508
LYZ	S100A8	9606.ENSP00000261267	9606.ENSP00000357722	0	0	0	0	0.265	0	0	0.371	0.518
LYZ	LCP1	9606.ENSP00000261267	9606.ENSP00000381581	0	0	0	0	0.262	0	0	0.445	0.573
LYZ	S100A9	9606.ENSP00000261267	9606.ENSP00000357727	0	0	0	0	0.303	0	0	0.427	0.583
LYZ	MNDA	9606.ENSP00000261267	9606.ENSP00000357123	0	0	0	0	0.460	0	0	0.280	0.594
LYZ	MPEG1	9606.ENSP00000261267	9606.ENSP00000354335	0	0	0	0	0.309	0	0	0.467	0.616
LYZ	TYROBP	9606.ENSP00000261267	9606.ENSP00000262629	0	0	0	0	0.580	0	0	0.154	0.629
MFAP4	MPEG1	9606.ENSP00000378957	9606.ENSP00000354335	0	0	0	0	0.062	0	0	0.595	0.604
MFAP4	S100A4	9606.ENSP00000378957	9606.ENSP00000357705	0	0	0	0	0	0	0	0.474	0.474
MFAP4	COL15A1	9606.ENSP00000378957	9606.ENSP00000364140	0	0	0	0	0.154	0	0	0.379	0.452
MFAP4	LCP1	9606.ENSP00000378957	9606.ENSP00000381581	0	0	0	0	0.062	0	0	0.414	0.427
MNDA	LCP2	9606.ENSP00000357123	9606.ENSP00000046794	0	0	0	0	0.467	0	0	0.054	0.475
MNDA	CLEC4A	9606.ENSP00000357123	9606.ENSP00000229332	0	0	0	0	0.563	0	0	0.097	0.588
MNDA	SELL	9606.ENSP00000357123	9606.ENSP00000236147	0	0	0	0	0.460	0	0	0	0.460
MNDA	CLEC10A	9606.ENSP00000357123	9606.ENSP00000254868	0	0	0	0	0.431	0	0	0	0.431
MNDA	LYZ	9606.ENSP00000357123	9606.ENSP00000261267	0	0	0	0	0.460	0	0	0.280	0.594
MNDA	TYROBP	9606.ENSP00000357123	9606.ENSP00000262629	0	0	0	0	0.785	0	0	0.048	0.787
MNDA	IGSF6	9606.ENSP00000357123	9606.ENSP00000268389	0	0	0	0	0.607	0	0	0.072	0.620
MNDA	FCGR2A	9606.ENSP00000357123	9606.ENSP00000271450	0	0	0	0	0.556	0	0	0.046	0.558
MNDA	LAPTM5	9606.ENSP00000357123	9606.ENSP00000294507	0	0	0	0	0.431	0	0	0	0.431
MNDA	RNASE6	9606.ENSP00000357123	9606.ENSP00000302046	0	0	0	0	0.532	0	0	0	0.532
MNDA	TLR8	9606.ENSP00000357123	9606.ENSP00000312082	0	0	0	0	0.753	0	0	0.091	0.766
MNDA	VNN2	9606.ENSP00000357123	9606.ENSP00000322276	0	0	0	0	0.676	0	0	0.114	0.700
MNDA	CD86	9606.ENSP00000357123	9606.ENSP00000332049	0	0	0	0	0.508	0	0	0.072	0.523
MNDA	EVI2B	9606.ENSP00000357123	9606.ENSP00000333779	0	0	0	0	0.535	0	0	0.125	0.576
MNDA	FCGR2B	9606.ENSP00000357123	9606.ENSP00000351497	0	0	0	0	0.448	0	0	0.128	0.498
MNDA	MPEG1	9606.ENSP00000357123	9606.ENSP00000354335	0	0	0	0	0.529	0	0	0	0.529
MNDA	RGS18	9606.ENSP00000357123	9606.ENSP00000356430	0	0	0	0	0.559	0	0	0.095	0.583
MNDA	NCF2	9606.ENSP00000357123	9606.ENSP00000356505	0	0	0	0	0.777	0	0	0.085	0.787
MNDA	FYB	9606.ENSP00000357123	9606.ENSP00000427114	0	0	0	0	0.386	0	0	0.103	0.426
MNDA	HLA-DRA	9606.ENSP00000357123	9606.ENSP00000378786	0	0	0	0	0.384	0	0	0.107	0.427
MNDA	FCGR1B	9606.ENSP00000357123	9606.ENSP00000358391	0	0	0	0	0.426	0	0	0.077	0.448
MNDA	LCP1	9606.ENSP00000357123	9606.ENSP00000381581	0	0	0	0	0.307	0	0	0.250	0.458
MNDA	CSF2RB	9606.ENSP00000357123	9606.ENSP00000384053	0	0	0	0	0.448	0	0	0.146	0.508
MNDA	GAPT	9606.ENSP00000357123	9606.ENSP00000379997	0	0	0	0	0.447	0	0	0.182	0.528
MNDA	CYBB	9606.ENSP00000357123	9606.ENSP00000367851	0	0	0	0	0.535	0	0	0.054	0.541
MNDA	ALOX5AP	9606.ENSP00000357123	9606.ENSP00000479870	0	0	0	0	0.542	0	0	0.081	0.561
MNDA	FCGR3B	9606.ENSP00000357123	9606.ENSP00000433642	0	0	0	0	0.522	0	0	0.123	0.562
MNDA	S100A12	9606.ENSP00000357123	9606.ENSP00000357726	0	0	0	0	0.538	0	0	0.173	0.601
MNDA	MS4A6A	9606.ENSP00000357123	9606.ENSP00000392770	0	0	0	0	0.632	0	0	0.165	0.679
MNDA	FCN1	9606.ENSP00000357123	9606.ENSP00000360871	0	0	0	0	0.552	0	0	0.345	0.694
MNDA	S100A8	9606.ENSP00000357123	9606.ENSP00000357722	0	0	0	0	0.720	0	0	0.090	0.734
MNDA	S100A9	9606.ENSP00000357123	9606.ENSP00000357727	0	0	0	0	0.673	0	0	0.241	0.741
MNDA	HCK	9606.ENSP00000357123	9606.ENSP00000444986	0	0	0	0	0.781	0	0	0.075	0.788
MPEG1	LCP2	9606.ENSP00000354335	9606.ENSP00000046794	0	0	0	0	0.639	0	0	0	0.639
MPEG1	CLEC10A	9606.ENSP00000354335	9606.ENSP00000254868	0	0	0	0	0.455	0	0	0.095	0.485
MPEG1	LYZ	9606.ENSP00000354335	9606.ENSP00000261267	0	0	0	0	0.309	0	0	0.467	0.616
MPEG1	TYROBP	9606.ENSP00000354335	9606.ENSP00000262629	0	0	0	0	0.538	0	0	0.143	0.587
MPEG1	IGSF6	9606.ENSP00000354335	9606.ENSP00000268389	0	0	0	0	0.381	0	0	0.138	0.443
MPEG1	CCR2	9606.ENSP00000354335	9606.ENSP00000292301	0	0	0	0	0.359	0	0	0.174	0.448
MPEG1	TLR8	9606.ENSP00000354335	9606.ENSP00000312082	0	0	0	0	0.526	0	0	0	0.526
MPEG1	C1QB	9606.ENSP00000354335	9606.ENSP00000313967	0	0	0	0	0.660	0	0	0.311	0.756
MPEG1	CD86	9606.ENSP00000354335	9606.ENSP00000332049	0	0	0	0	0.446	0	0	0	0.446
MPEG1	FCGR2B	9606.ENSP00000354335	9606.ENSP00000351497	0	0	0	0	0.389	0	0	0.179	0.478
MPEG1	HCK	9606.ENSP00000354335	9606.ENSP00000444986	0	0	0	0	0.456	0	0	0.060	0.467
MPEG1	MNDA	9606.ENSP00000354335	9606.ENSP00000357123	0	0	0	0	0.529	0	0	0	0.529
MPEG1	CYBB	9606.ENSP00000354335	9606.ENSP00000367851	0	0	0	0	0.467	0	0	0.213	0.563
MPEG1	MFAP4	9606.ENSP00000354335	9606.ENSP00000378957	0	0	0	0	0.062	0	0	0.595	0.604
MPEG1	RGS18	9606.ENSP00000354335	9606.ENSP00000356430	0	0	0	0	0.618	0	0	0	0.618
MPEG1	FYB	9606.ENSP00000354335	9606.ENSP00000427114	0	0	0	0	0.619	0	0	0	0.619
MPEG1	C1QC	9606.ENSP00000354335	9606.ENSP00000363770	0	0	0	0	0.538	0	0	0.266	0.646
MPEG1	CSF2RB	9606.ENSP00000354335	9606.ENSP00000384053	0	0	0	0	0.647	0	0	0	0.647
MPEG1	C1QA	9606.ENSP00000354335	9606.ENSP00000363773	0	0	0	0	0.566	0	0	0.250	0.661
MPEG1	LCP1	9606.ENSP00000354335	9606.ENSP00000381581	0	0	0	0	0.267	0	0	0.627	0.715
MS4A6A	PILRA	9606.ENSP00000392770	9606.ENSP00000198536	0	0	0	0	0.159	0	0	0.469	0.534
MS4A6A	CLEC4A	9606.ENSP00000392770	9606.ENSP00000229332	0	0	0	0	0.665	0	0	0.150	0.704
MS4A6A	CLEC10A	9606.ENSP00000392770	9606.ENSP00000254868	0	0	0	0	0.521	0	0	0.166	0.583
MS4A6A	LYZ	9606.ENSP00000392770	9606.ENSP00000261267	0	0	0	0	0.325	0	0	0.163	0.410
MS4A6A	TYROBP	9606.ENSP00000392770	9606.ENSP00000262629	0	0	0	0	0.787	0	0	0.391	0.864
MS4A6A	IGSF6	9606.ENSP00000392770	9606.ENSP00000268389	0	0	0	0	0.634	0	0	0.318	0.740
MS4A6A	FCGR2A	9606.ENSP00000392770	9606.ENSP00000271450	0	0	0	0	0.400	0	0	0	0.400
MS4A6A	LAPTM5	9606.ENSP00000392770	9606.ENSP00000294507	0	0	0	0	0.332	0	0	0.152	0.409
MS4A6A	RNASE6	9606.ENSP00000392770	9606.ENSP00000302046	0	0	0	0	0.614	0	0	0	0.614
MS4A6A	TLR8	9606.ENSP00000392770	9606.ENSP00000312082	0	0	0	0	0.524	0	0	0.055	0.530
MS4A6A	C1QB	9606.ENSP00000392770	9606.ENSP00000313967	0	0	0	0	0.644	0	0	0.156	0.686
MS4A6A	CD86	9606.ENSP00000392770	9606.ENSP00000332049	0	0	0	0	0.403	0	0	0	0.403
MS4A6A	FCGR2B	9606.ENSP00000392770	9606.ENSP00000351497	0	0	0	0	0.540	0	0	0.044	0.542
MS4A6A	MNDA	9606.ENSP00000392770	9606.ENSP00000357123	0	0	0	0	0.632	0	0	0.165	0.679
MS4A6A	FCN1	9606.ENSP00000392770	9606.ENSP00000360871	0	0	0	0	0.335	0	0	0.193	0.440
MS4A6A	C1QC	9606.ENSP00000392770	9606.ENSP00000363770	0	0	0	0	0.540	0	0	0.120	0.578
MS4A6A	C1QA	9606.ENSP00000392770	9606.ENSP00000363773	0	0	0	0	0.680	0	0	0.147	0.715
MS4A6A	HCK	9606.ENSP00000392770	9606.ENSP00000444986	0	0	0	0	0.549	0	0	0.075	0.565
NAIP	PYCARD	9606.ENSP00000428657	9606.ENSP00000247470	0	0	0	0	0.051	0	0.540	0.601	0.810
NCF2	SYT13	9606.ENSP00000356505	9606.ENSP00000020926	0	0	0	0	0.049	0	0	0.608	0.611
NCF2	LCP2	9606.ENSP00000356505	9606.ENSP00000046794	0	0	0	0	0.390	0	0	0.239	0.516
NCF2	CLEC4A	9606.ENSP00000356505	9606.ENSP00000229332	0	0	0	0	0.467	0	0	0.063	0.480
NCF2	TYROBP	9606.ENSP00000356505	9606.ENSP00000262629	0	0	0	0	0.673	0	0	0.137	0.706
NCF2	BCL2A1	9606.ENSP00000356505	9606.ENSP00000267953	0	0	0	0	0.393	0	0	0.101	0.431
NCF2	IGSF6	9606.ENSP00000356505	9606.ENSP00000268389	0	0	0	0	0.584	0	0	0.045	0.586
NCF2	FCGR2A	9606.ENSP00000356505	9606.ENSP00000271450	0	0	0	0	0.366	0	0	0.259	0.510
NCF2	LAPTM5	9606.ENSP00000356505	9606.ENSP00000294507	0	0	0	0	0.535	0	0	0.124	0.576
NCF2	TLR8	9606.ENSP00000356505	9606.ENSP00000312082	0	0	0	0	0.456	0	0	0.081	0.478
NCF2	VNN2	9606.ENSP00000356505	9606.ENSP00000322276	0	0	0	0	0.551	0	0	0.049	0.554
NCF2	CD86	9606.ENSP00000356505	9606.ENSP00000332049	0	0	0	0	0.378	0	0	0.103	0.418
NCF2	TPSAB1	9606.ENSP00000356505	9606.ENSP00000343577	0	0	0	0	0.089	0	0	0.432	0.460
NCF2	FCGR2B	9606.ENSP00000356505	9606.ENSP00000351497	0	0	0	0	0.385	0	0	0.266	0.529
NCF2	RGS1	9606.ENSP00000356505	9606.ENSP00000356429	0	0	0	0	0.288	0.147	0	0.222	0.487
NCF2	RGS18	9606.ENSP00000356505	9606.ENSP00000356430	0	0	0	0	0.534	0.147	0	0.149	0.633
NCF2	CSF2RB	9606.ENSP00000356505	9606.ENSP00000384053	0	0	0	0	0.395	0	0	0.066	0.410
NCF2	S100A12	9606.ENSP00000356505	9606.ENSP00000357726	0	0	0	0	0.542	0	0	0.165	0.601
NCF2	ALOX5AP	9606.ENSP00000356505	9606.ENSP00000479870	0	0	0	0	0.565	0	0	0.124	0.603
NCF2	MNDA	9606.ENSP00000356505	9606.ENSP00000357123	0	0	0	0	0.777	0	0	0.085	0.787
NCF2	HCK	9606.ENSP00000356505	9606.ENSP00000444986	0	0	0	0	0.772	0.056	0	0.127	0.796
NCF2	S100A9	9606.ENSP00000356505	9606.ENSP00000357727	0	0	0	0	0.564	0.270	0.600	0.145	0.876
NCF2	S100A8	9606.ENSP00000356505	9606.ENSP00000357722	0	0	0	0	0.563	0.270	0.600	0.451	0.920
NCF2	CYBB	9606.ENSP00000356505	9606.ENSP00000367851	0	0	0	0	0.382	0.462	0.900	0.992	0.999
PILRA	IGSF6	9606.ENSP00000198536	9606.ENSP00000268389	0	0	0	0	0.273	0	0	0.309	0.476
PILRA	EMR2	9606.ENSP00000198536	9606.ENSP00000319883	0	0	0	0	0.110	0	0	0.452	0.492
PILRA	CLEC4A	9606.ENSP00000198536	9606.ENSP00000229332	0	0	0	0	0.218	0	0	0.381	0.495
PILRA	MS4A6A	9606.ENSP00000198536	9606.ENSP00000392770	0	0	0	0	0.159	0	0	0.469	0.534
PILRA	TYROBP	9606.ENSP00000198536	9606.ENSP00000262629	0	0	0	0	0.541	0	0	0.419	0.722
PLA2G7	IGSF6	9606.ENSP00000274793	9606.ENSP00000268389	0	0	0	0	0.562	0	0	0.188	0.630
PLAC8	PLSCR1	9606.ENSP00000399700	9606.ENSP00000345494	0	0	0	0	0.062	0	0	0.705	0.712
PLSCR1	TRIM22	9606.ENSP00000345494	9606.ENSP00000369299	0	0	0	0	0.229	0.056	0	0.287	0.435
PLSCR1	PLAC8	9606.ENSP00000345494	9606.ENSP00000399700	0	0	0	0	0.062	0	0	0.705	0.712
PPBP	SELL	9606.ENSP00000296028	9606.ENSP00000236147	0	0	0	0	0.165	0	0	0.344	0.429
PPBP	CCR2	9606.ENSP00000296028	9606.ENSP00000292301	0	0	0	0	0.139	0	0.600	0.456	0.796
PPBP	S100A9	9606.ENSP00000296028	9606.ENSP00000357727	0	0	0	0	0.344	0	0	0.143	0.414
PPBP	RGS18	9606.ENSP00000296028	9606.ENSP00000356430	0	0	0	0	0.349	0	0	0.162	0.432
PPBP	S100A12	9606.ENSP00000296028	9606.ENSP00000357726	0	0	0	0	0.424	0	0	0.159	0.495
PPBP	CXCL12	9606.ENSP00000296028	9606.ENSP00000379140	0	0	0	0	0	0.237	0	0.601	0.682
PPBP	CXCR4	9606.ENSP00000296028	9606.ENSP00000386884	0	0	0	0	0.069	0	0.600	0.459	0.780
PPBP	CXCR2	9606.ENSP00000296028	9606.ENSP00000319635	0	0	0	0	0.143	0.463	0.800	0.983	0.998
PROK2	CXCR2	9606.ENSP00000295619	9606.ENSP00000319635	0	0	0	0	0.277	0	0	0.324	0.490
PROK2	S100A12	9606.ENSP00000295619	9606.ENSP00000357726	0	0	0	0	0.554	0	0	0.064	0.564
PROK2	VNN2	9606.ENSP00000295619	9606.ENSP00000322276	0	0	0	0	0.673	0	0	0.074	0.684
PTPN22	LCP2	9606.ENSP00000352833	9606.ENSP00000046794	0	0	0	0	0.581	0	0	0.266	0.680
PTPN22	CRTAM	9606.ENSP00000352833	9606.ENSP00000227348	0	0	0	0	0.522	0	0	0.057	0.529
PTPN22	CD69	9606.ENSP00000352833	9606.ENSP00000228434	0	0	0	0	0.161	0.154	0	0.338	0.489
PTPN22	GPR65	9606.ENSP00000352833	9606.ENSP00000267549	0	0	0	0	0.582	0	0	0.161	0.635
PTPN22	FCGR2A	9606.ENSP00000352833	9606.ENSP00000271450	0	0	0	0	0.096	0	0	0.419	0.452
PTPN22	RGS18	9606.ENSP00000352833	9606.ENSP00000356430	0	0	0	0	0.395	0.056	0	0.076	0.426
PTPN22	CSF2RB	9606.ENSP00000352833	9606.ENSP00000384053	0	0	0	0	0.553	0	0	0	0.553
PTPN22	FYB	9606.ENSP00000352833	9606.ENSP00000427114	0	0	0	0	0.559	0	0	0.105	0.589
PTPN22	ITK	9606.ENSP00000352833	9606.ENSP00000398655	0	0	0	0	0.573	0.078	0	0.136	0.630
PTPN22	HLA-DRA	9606.ENSP00000352833	9606.ENSP00000378786	0	0	0	0	0.117	0	0.900	0.259	0.928
PTPN22	HLA-DPB1	9606.ENSP00000352833	9606.ENSP00000408146	0	0	0	0	0.076	0	0.900	0.459	0.945
PTPN22	HLA-DQB1	9606.ENSP00000352833	9606.ENSP00000364080	0	0	0	0	0.117	0	0.900	0.556	0.957
PYCARD	TYROBP	9606.ENSP00000247470	9606.ENSP00000262629	0	0	0	0	0.281	0	0	0.209	0.407
PYCARD	NAIP	9606.ENSP00000247470	9606.ENSP00000428657	0	0	0	0	0.051	0	0.540	0.601	0.810
RAB8A	HPGDS	9606.ENSP00000300935	9606.ENSP00000295256	0	0	0	0	0	0	0	0.465	0.465
RAB8A	TRAT1	9606.ENSP00000300935	9606.ENSP00000295756	0	0	0	0	0	0	0	0.603	0.603
RAB8A	C1QB	9606.ENSP00000300935	9606.ENSP00000313967	0	0	0	0	0	0.436	0	0	0.436
RCAN1	FAM3B	9606.ENSP00000370527	9606.ENSP00000350673	0	0	0	0	0	0	0	0.450	0.450
RGS1	LCP2	9606.ENSP00000356429	9606.ENSP00000046794	0	0	0	0	0.541	0	0	0.125	0.581
RGS1	CD69	9606.ENSP00000356429	9606.ENSP00000228434	0	0	0	0	0.295	0	0	0.306	0.490
RGS1	TYROBP	9606.ENSP00000356429	9606.ENSP00000262629	0	0	0	0	0.550	0	0	0.082	0.570
RGS1	GPR65	9606.ENSP00000356429	9606.ENSP00000267549	0	0	0	0	0.341	0.056	0	0.229	0.478
RGS1	LAPTM5	9606.ENSP00000356429	9606.ENSP00000294507	0	0	0	0	0.361	0	0	0.189	0.460
RGS1	C1QB	9606.ENSP00000356429	9606.ENSP00000313967	0	0	0	0	0.545	0	0	0.114	0.580
RGS1	CD86	9606.ENSP00000356429	9606.ENSP00000332049	0	0	0	0	0.358	0	0	0.171	0.445
RGS1	CXCR4	9606.ENSP00000356429	9606.ENSP00000386884	0	0	0	0	0.188	0.056	0	0.324	0.437
RGS1	NCF2	9606.ENSP00000356429	9606.ENSP00000356505	0	0	0	0	0.288	0.147	0	0.222	0.487
RGS1	ACKR1	9606.ENSP00000356429	9606.ENSP00000357103	0	0	0	0	0.076	0	0	0.552	0.568
RGS1	C1QA	9606.ENSP00000356429	9606.ENSP00000363773	0	0	0	0	0.543	0	0	0.108	0.575
RGS1	RGS13	9606.ENSP00000356429	9606.ENSP00000442837	0	0	0	0.917	0.060	0	0.900	0.682	0.907
RGS1	RGS10	9606.ENSP00000356429	9606.ENSP00000358099	0	0	0	0.837	0.064	0	0.900	0.768	0.914
RGS1	RGS18	9606.ENSP00000356429	9606.ENSP00000356430	0	0	0	0.868	0.175	0	0.900	0.682	0.921
RGS1	HLA-DRA	9606.ENSP00000356429	9606.ENSP00000378786	0	0	0	0	0.333	0	0.900	0.194	0.941
RGS10	RGS1	9606.ENSP00000358099	9606.ENSP00000356429	0	0	0	0.837	0.064	0	0.900	0.768	0.914
RGS10	RGS18	9606.ENSP00000358099	9606.ENSP00000356430	0	0	0	0.830	0.082	0	0.900	0.873	0.918
RGS10	RGS13	9606.ENSP00000358099	9606.ENSP00000442837	0	0	0	0.814	0.062	0	0.900	0.681	0.914
RGS13	RGS1	9606.ENSP00000442837	9606.ENSP00000356429	0	0	0	0.917	0.060	0	0.900	0.682	0.907
RGS13	RGS18	9606.ENSP00000442837	9606.ENSP00000356430	0	0	0	0.875	0.063	0	0.900	0.323	0.905
RGS13	RGS10	9606.ENSP00000442837	9606.ENSP00000358099	0	0	0	0.814	0.062	0	0.900	0.681	0.914
RGS13	CXCR4	9606.ENSP00000442837	9606.ENSP00000386884	0	0	0	0	0.065	0.056	0	0.384	0.408
RGS18	LCP2	9606.ENSP00000356430	9606.ENSP00000046794	0	0	0	0	0.554	0	0	0.138	0.599
RGS18	TYROBP	9606.ENSP00000356430	9606.ENSP00000262629	0	0	0	0	0.460	0	0	0.074	0.478
RGS18	BCL2A1	9606.ENSP00000356430	9606.ENSP00000267953	0	0	0	0	0.515	0	0	0	0.515
RGS18	IGSF6	9606.ENSP00000356430	9606.ENSP00000268389	0	0	0	0	0.484	0	0	0	0.484
RGS18	CCR2	9606.ENSP00000356430	9606.ENSP00000292301	0	0	0	0	0.374	0.056	0	0.083	0.411
RGS18	PPBP	9606.ENSP00000356430	9606.ENSP00000296028	0	0	0	0	0.349	0	0	0.162	0.432
RGS18	TLR8	9606.ENSP00000356430	9606.ENSP00000312082	0	0	0	0	0.445	0.056	0	0	0.454
RGS18	C1QB	9606.ENSP00000356430	9606.ENSP00000313967	0	0	0	0	0.528	0	0	0	0.528
RGS18	PTPN22	9606.ENSP00000356430	9606.ENSP00000352833	0	0	0	0	0.395	0.056	0	0.076	0.426
RGS18	MPEG1	9606.ENSP00000356430	9606.ENSP00000354335	0	0	0	0	0.618	0	0	0	0.618
RGS18	RGS1	9606.ENSP00000356430	9606.ENSP00000356429	0	0	0	0.868	0.175	0	0.900	0.682	0.921
RGS18	C1QC	9606.ENSP00000356430	9606.ENSP00000363770	0	0	0	0	0.408	0	0	0	0.408
RGS18	C1QA	9606.ENSP00000356430	9606.ENSP00000363773	0	0	0	0	0.440	0	0	0.044	0.442
RGS18	HCK	9606.ENSP00000356430	9606.ENSP00000444986	0	0	0	0	0.397	0.112	0	0.123	0.489
RGS18	FYB	9606.ENSP00000356430	9606.ENSP00000427114	0	0	0	0	0.562	0	0	0.049	0.566
RGS18	MNDA	9606.ENSP00000356430	9606.ENSP00000357123	0	0	0	0	0.559	0	0	0.095	0.583
RGS18	CSF2RB	9606.ENSP00000356430	9606.ENSP00000384053	0	0	0	0	0.626	0	0	0	0.626
RGS18	NCF2	9606.ENSP00000356430	9606.ENSP00000356505	0	0	0	0	0.534	0.147	0	0.149	0.633
RGS18	RGS13	9606.ENSP00000356430	9606.ENSP00000442837	0	0	0	0.875	0.063	0	0.900	0.323	0.905
RGS18	RGS10	9606.ENSP00000356430	9606.ENSP00000358099	0	0	0	0.830	0.082	0	0.900	0.873	0.918
RNASE1	C1QB	9606.ENSP00000381057	9606.ENSP00000313967	0	0	0	0	0.632	0	0	0.047	0.634
RNASE1	CEL	9606.ENSP00000381057	9606.ENSP00000361151	0	0	0	0	0.479	0	0	0.146	0.536
RNASE1	C1QC	9606.ENSP00000381057	9606.ENSP00000363770	0	0	0	0	0.562	0	0	0.067	0.574
RNASE1	C1QA	9606.ENSP00000381057	9606.ENSP00000363773	0	0	0	0	0.652	0	0	0.053	0.656
RNASE6	LCP2	9606.ENSP00000302046	9606.ENSP00000046794	0	0	0	0	0.482	0	0	0.134	0.532
RNASE6	LYZ	9606.ENSP00000302046	9606.ENSP00000261267	0	0	0	0	0.438	0	0	0	0.438
RNASE6	TYROBP	9606.ENSP00000302046	9606.ENSP00000262629	0	0	0	0	0.582	0	0	0.233	0.665
RNASE6	CCR2	9606.ENSP00000302046	9606.ENSP00000292301	0	0	0	0	0.403	0	0	0	0.403
RNASE6	LAPTM5	9606.ENSP00000302046	9606.ENSP00000294507	0	0	0	0	0.543	0	0	0.294	0.663
RNASE6	C1QC	9606.ENSP00000302046	9606.ENSP00000363770	0	0	0	0	0.233	0	0	0.261	0.409
RNASE6	C1QB	9606.ENSP00000302046	9606.ENSP00000313967	0	0	0	0	0.306	0	0	0.190	0.414
RNASE6	C1QA	9606.ENSP00000302046	9606.ENSP00000363773	0	0	0	0	0.346	0	0	0.206	0.458
RNASE6	CD86	9606.ENSP00000302046	9606.ENSP00000332049	0	0	0	0	0.511	0	0	0	0.511
RNASE6	MNDA	9606.ENSP00000302046	9606.ENSP00000357123	0	0	0	0	0.532	0	0	0	0.532
RNASE6	CYBB	9606.ENSP00000302046	9606.ENSP00000367851	0	0	0	0	0.535	0	0	0.058	0.543
RNASE6	CSF2RB	9606.ENSP00000302046	9606.ENSP00000384053	0	0	0	0	0.498	0	0	0.142	0.550
RNASE6	EVI2B	9606.ENSP00000302046	9606.ENSP00000333779	0	0	0	0	0.545	0	0	0.073	0.560
RNASE6	MS4A6A	9606.ENSP00000302046	9606.ENSP00000392770	0	0	0	0	0.614	0	0	0	0.614
S100A12	SELL	9606.ENSP00000357726	9606.ENSP00000236147	0	0	0	0	0.432	0	0	0.098	0.466
S100A12	CLEC10A	9606.ENSP00000357726	9606.ENSP00000254868	0	0	0	0	0.299	0	0	0.181	0.401
S100A12	LYZ	9606.ENSP00000357726	9606.ENSP00000261267	0	0	0	0	0.234	0	0	0.341	0.473
S100A12	TYROBP	9606.ENSP00000357726	9606.ENSP00000262629	0	0	0	0	0.385	0	0	0.090	0.416
S100A12	CCR2	9606.ENSP00000357726	9606.ENSP00000292301	0	0	0	0	0.232	0	0	0.307	0.445
S100A12	PROK2	9606.ENSP00000357726	9606.ENSP00000295619	0	0	0	0	0.554	0	0	0.064	0.564
S100A12	PPBP	9606.ENSP00000357726	9606.ENSP00000296028	0	0	0	0	0.424	0	0	0.159	0.495
S100A12	TLR8	9606.ENSP00000357726	9606.ENSP00000312082	0	0	0	0	0.448	0	0	0.170	0.522
S100A12	CXCR2	9606.ENSP00000357726	9606.ENSP00000319635	0	0	0	0	0.299	0	0	0.182	0.402
S100A12	VNN2	9606.ENSP00000357726	9606.ENSP00000322276	0	0	0	0	0.744	0	0	0.140	0.771
S100A12	NCF2	9606.ENSP00000357726	9606.ENSP00000356505	0	0	0	0	0.542	0	0	0.165	0.601
S100A12	MNDA	9606.ENSP00000357726	9606.ENSP00000357123	0	0	0	0	0.538	0	0	0.173	0.601
S100A12	S100A8	9606.ENSP00000357726	9606.ENSP00000357722	0	0	0	0.851	0.983	0.057	0	0.812	0.985
S100A12	ALOX5AP	9606.ENSP00000357726	9606.ENSP00000479870	0	0	0	0	0.234	0	0	0.284	0.428
S100A12	CYBB	9606.ENSP00000357726	9606.ENSP00000367851	0	0	0	0	0.309	0	0	0.208	0.430
S100A12	SERPINA1	9606.ENSP00000357726	9606.ENSP00000416066	0	0	0	0	0.156	0	0	0.376	0.451
S100A12	HCK	9606.ENSP00000357726	9606.ENSP00000444986	0	0	0	0	0.533	0	0	0.075	0.550
S100A12	FCGR3B	9606.ENSP00000357726	9606.ENSP00000433642	0	0	0	0	0.527	0	0	0.134	0.573
S100A12	FCN1	9606.ENSP00000357726	9606.ENSP00000360871	0	0	0	0	0.584	0	0	0.241	0.671
S100A12	S100A9	9606.ENSP00000357726	9606.ENSP00000357727	0	0	0	0.911	0.927	0.941	0	0.717	0.995
S100A4	CXCR4	9606.ENSP00000357705	9606.ENSP00000386884	0	0	0	0	0.069	0	0	0.394	0.411
S100A4	CXCL12	9606.ENSP00000357705	9606.ENSP00000379140	0	0	0	0	0	0	0	0.464	0.463
S100A4	MFAP4	9606.ENSP00000357705	9606.ENSP00000378957	0	0	0	0	0	0	0	0.474	0.474
S100A4	SNAI2	9606.ENSP00000357705	9606.ENSP00000380034	0	0	0	0	0.062	0	0	0.556	0.565
S100A8	LYZ	9606.ENSP00000357722	9606.ENSP00000261267	0	0	0	0	0.265	0	0	0.371	0.518
S100A8	TYROBP	9606.ENSP00000357722	9606.ENSP00000262629	0	0	0	0	0.557	0	0	0.094	0.582
S100A8	LY96	9606.ENSP00000357722	9606.ENSP00000284818	0	0	0	0	0.117	0	0.900	0.500	0.951
S100A8	TLR8	9606.ENSP00000357722	9606.ENSP00000312082	0	0	0	0	0.521	0	0	0.141	0.571
S100A8	VNN2	9606.ENSP00000357722	9606.ENSP00000322276	0	0	0	0	0.553	0	0	0	0.553
S100A8	NCF2	9606.ENSP00000357722	9606.ENSP00000356505	0	0	0	0	0.563	0.270	0.600	0.451	0.920
S100A8	MNDA	9606.ENSP00000357722	9606.ENSP00000357123	0	0	0	0	0.720	0	0	0.090	0.734
S100A8	FCGR3B	9606.ENSP00000357722	9606.ENSP00000433642	0	0	0	0	0.472	0	0	0.104	0.507
S100A8	FCN1	9606.ENSP00000357722	9606.ENSP00000360871	0	0	0	0	0.555	0	0	0.094	0.580
S100A8	HCK	9606.ENSP00000357722	9606.ENSP00000444986	0	0	0	0	0.563	0	0	0.094	0.587
S100A8	CYBB	9606.ENSP00000357722	9606.ENSP00000367851	0	0	0	0	0.347	0	0.600	0.150	0.758
S100A8	S100A12	9606.ENSP00000357722	9606.ENSP00000357726	0	0	0	0.851	0.983	0.057	0	0.812	0.985
S100A8	S100A9	9606.ENSP00000357722	9606.ENSP00000357727	0	0	0	0.801	0.995	0.950	0.900	0.987	0.999
S100A9	LYZ	9606.ENSP00000357727	9606.ENSP00000261267	0	0	0	0	0.303	0	0	0.427	0.583
S100A9	TYROBP	9606.ENSP00000357727	9606.ENSP00000262629	0	0	0	0	0.565	0	0	0.166	0.621
S100A9	LY96	9606.ENSP00000357727	9606.ENSP00000284818	0	0	0	0	0.118	0	0.900	0.609	0.962
S100A9	CCR2	9606.ENSP00000357727	9606.ENSP00000292301	0	0	0	0	0.232	0	0	0.376	0.501
S100A9	PPBP	9606.ENSP00000357727	9606.ENSP00000296028	0	0	0	0	0.344	0	0	0.143	0.414
S100A9	TLR8	9606.ENSP00000357727	9606.ENSP00000312082	0	0	0	0	0.411	0	0	0.122	0.460
S100A9	VNN2	9606.ENSP00000357727	9606.ENSP00000322276	0	0	0	0	0.570	0	0	0	0.570
S100A9	CD86	9606.ENSP00000357727	9606.ENSP00000332049	0	0	0	0	0.338	0	0	0.172	0.428
S100A9	NCF2	9606.ENSP00000357727	9606.ENSP00000356505	0	0	0	0	0.564	0.270	0.600	0.145	0.876
S100A9	MNDA	9606.ENSP00000357727	9606.ENSP00000357123	0	0	0	0	0.673	0	0	0.241	0.741
S100A9	S100A8	9606.ENSP00000357727	9606.ENSP00000357722	0	0	0	0.801	0.995	0.950	0.900	0.987	0.999
S100A9	S100A12	9606.ENSP00000357727	9606.ENSP00000357726	0	0	0	0.911	0.927	0.941	0	0.717	0.995
S100A9	ALOX5AP	9606.ENSP00000357727	9606.ENSP00000479870	0	0	0	0	0.319	0	0	0.266	0.479
S100A9	HCK	9606.ENSP00000357727	9606.ENSP00000444986	0	0	0	0	0.563	0	0	0.057	0.570
S100A9	FCGR3B	9606.ENSP00000357727	9606.ENSP00000433642	0	0	0	0	0.421	0	0	0.323	0.591
S100A9	SERPINA1	9606.ENSP00000357727	9606.ENSP00000416066	0	0	0	0	0.230	0	0	0.501	0.599
S100A9	FCN1	9606.ENSP00000357727	9606.ENSP00000360871	0	0	0	0	0.536	0.192	0	0.060	0.616
S100A9	CYBB	9606.ENSP00000357727	9606.ENSP00000367851	0	0	0	0	0.351	0	0.600	0.154	0.761
SELL	LCP2	9606.ENSP00000236147	9606.ENSP00000046794	0	0	0	0	0.349	0	0	0.323	0.541
SELL	CD69	9606.ENSP00000236147	9606.ENSP00000228434	0	0	0	0	0.314	0	0	0.873	0.909
SELL	FYB	9606.ENSP00000236147	9606.ENSP00000427114	0	0	0	0	0.353	0	0	0.122	0.408
SELL	HCK	9606.ENSP00000236147	9606.ENSP00000444986	0	0	0	0	0.305	0.058	0	0.181	0.417
SELL	ITK	9606.ENSP00000236147	9606.ENSP00000398655	0	0	0	0	0.143	0.058	0	0.348	0.427
SELL	PPBP	9606.ENSP00000236147	9606.ENSP00000296028	0	0	0	0	0.165	0	0	0.344	0.429
SELL	CYBB	9606.ENSP00000236147	9606.ENSP00000367851	0	0	0	0	0.306	0	0	0.219	0.435
SELL	HLA-DQB1	9606.ENSP00000236147	9606.ENSP00000364080	0	0	0	0	0.154	0	0	0.372	0.447
SELL	MNDA	9606.ENSP00000236147	9606.ENSP00000357123	0	0	0	0	0.460	0	0	0	0.460
SELL	S100A12	9606.ENSP00000236147	9606.ENSP00000357726	0	0	0	0	0.432	0	0	0.098	0.466
SELL	EVI2B	9606.ENSP00000236147	9606.ENSP00000333779	0	0	0	0	0.468	0	0	0	0.468
SELL	TYROBP	9606.ENSP00000236147	9606.ENSP00000262629	0	0	0	0	0.345	0.101	0	0.250	0.520
SELL	TLR8	9606.ENSP00000236147	9606.ENSP00000312082	0	0	0	0	0.343	0.056	0	0.291	0.522
SELL	VNN2	9606.ENSP00000236147	9606.ENSP00000322276	0	0	0	0	0.546	0	0	0.133	0.589
SELL	CXCR2	9606.ENSP00000236147	9606.ENSP00000319635	0	0	0	0	0.182	0	0	0.521	0.592
SELL	CXCL12	9606.ENSP00000236147	9606.ENSP00000379140	0	0	0	0	0	0	0	0.621	0.621
SELL	CCR2	9606.ENSP00000236147	9606.ENSP00000292301	0	0	0	0	0.213	0	0	0.630	0.696
SELL	CXCR4	9606.ENSP00000236147	9606.ENSP00000386884	0	0	0	0	0.174	0	0	0.653	0.701
SELL	FCGR2A	9606.ENSP00000236147	9606.ENSP00000271450	0	0	0	0	0.141	0	0	0.688	0.720
SELL	FCGR2B	9606.ENSP00000236147	9606.ENSP00000351497	0	0	0	0	0.212	0	0	0.702	0.755
SELL	CD86	9606.ENSP00000236147	9606.ENSP00000332049	0	0	0	0	0.256	0	0	0.721	0.784
SELL	FCGR3B	9606.ENSP00000236147	9606.ENSP00000433642	0	0	0	0	0.299	0	0	0.754	0.820
SELL	ITGA4	9606.ENSP00000236147	9606.ENSP00000380227	0	0	0	0	0.120	0	0	0.829	0.843
SERPINA1	CTSZ	9606.ENSP00000416066	9606.ENSP00000217131	0	0	0	0	0.130	0.067	0.300	0.184	0.474
SERPINA1	LYZ	9606.ENSP00000416066	9606.ENSP00000261267	0	0	0	0	0.331	0	0	0.296	0.508
SERPINA1	HPGDS	9606.ENSP00000416066	9606.ENSP00000295256	0	0	0	0	0	0	0	0.409	0.409
SERPINA1	S100A12	9606.ENSP00000416066	9606.ENSP00000357726	0	0	0	0	0.156	0	0	0.376	0.451
SERPINA1	S100A9	9606.ENSP00000416066	9606.ENSP00000357727	0	0	0	0	0.230	0	0	0.501	0.599
SERPINA1	FCGR3B	9606.ENSP00000416066	9606.ENSP00000433642	0	0	0	0	0.147	0	0	0.748	0.776
SLC26A9	C1orf105	9606.ENSP00000356102	9606.ENSP00000356700	0	0	0	0	0	0	0	0.451	0.451
SNAI2	HPGDS	9606.ENSP00000380034	9606.ENSP00000295256	0	0	0	0	0	0	0	0.694	0.694
SNAI2	ALDH1A1	9606.ENSP00000380034	9606.ENSP00000297785	0	0	0	0	0	0	0	0.610	0.610
SNAI2	TCF21	9606.ENSP00000380034	9606.ENSP00000356857	0	0	0	0	0.071	0.100	0	0.425	0.477
SNAI2	S100A4	9606.ENSP00000380034	9606.ENSP00000357705	0	0	0	0	0.062	0	0	0.556	0.565
SNAI2	ID1	9606.ENSP00000380034	9606.ENSP00000365280	0	0	0	0	0.089	0	0	0.391	0.421
SNAI2	CXCL12	9606.ENSP00000380034	9606.ENSP00000379140	0	0	0	0	0.088	0	0	0.426	0.454
SNAI2	BMP7	9606.ENSP00000380034	9606.ENSP00000379204	0	0	0	0	0.062	0	0	0.399	0.412
SNAI2	CXCR4	9606.ENSP00000380034	9606.ENSP00000386884	0	0	0	0	0	0	0	0.459	0.459
STMN2	ITM2A	9606.ENSP00000429243	9606.ENSP00000362395	0	0	0	0	0.063	0	0	0.452	0.465
SYT13	NCF2	9606.ENSP00000020926	9606.ENSP00000356505	0	0	0	0	0.049	0	0	0.608	0.611
TCF21	SNAI2	9606.ENSP00000356857	9606.ENSP00000380034	0	0	0	0	0.071	0.100	0	0.425	0.477
TLR8	CD69	9606.ENSP00000312082	9606.ENSP00000228434	0	0	0	0	0.116	0.056	0	0.374	0.431
TLR8	CLEC4A	9606.ENSP00000312082	9606.ENSP00000229332	0	0	0	0	0.539	0.056	0	0.458	0.743
TLR8	SELL	9606.ENSP00000312082	9606.ENSP00000236147	0	0	0	0	0.343	0.056	0	0.291	0.522
TLR8	CLEC10A	9606.ENSP00000312082	9606.ENSP00000254868	0	0	0	0	0.526	0.056	0	0.193	0.607
TLR8	LYZ	9606.ENSP00000312082	9606.ENSP00000261267	0	0	0	0	0.341	0	0	0.136	0.407
TLR8	TYROBP	9606.ENSP00000312082	9606.ENSP00000262629	0	0	0	0	0.548	0	0	0.245	0.644
TLR8	IGSF6	9606.ENSP00000312082	9606.ENSP00000268389	0	0	0	0	0.546	0	0	0.095	0.571
TLR8	FCGR2A	9606.ENSP00000312082	9606.ENSP00000271450	0	0	0	0	0.537	0	0	0.382	0.701
TLR8	LY96	9606.ENSP00000312082	9606.ENSP00000284818	0	0	0	0	0.179	0.064	0	0.680	0.732
TLR8	CCR2	9606.ENSP00000312082	9606.ENSP00000292301	0	0	0	0	0.334	0	0	0.370	0.562
TLR8	CLEC7A	9606.ENSP00000312082	9606.ENSP00000302569	0	0	0	0	0.327	0.056	0	0.505	0.658
TLR8	FCN1	9606.ENSP00000312082	9606.ENSP00000360871	0	0	0	0	0.370	0.056	0	0.074	0.401
TLR8	FPR3	9606.ENSP00000312082	9606.ENSP00000341821	0	0	0	0	0.332	0	0	0.144	0.403
TLR8	C1QB	9606.ENSP00000312082	9606.ENSP00000313967	0	0	0	0	0.313	0	0	0.194	0.422
TLR8	C1QA	9606.ENSP00000312082	9606.ENSP00000363773	0	0	0	0	0.351	0	0	0.168	0.437
TLR8	HLA-DRA	9606.ENSP00000312082	9606.ENSP00000378786	0	0	0	0	0.343	0	0	0.179	0.438
TLR8	RGS18	9606.ENSP00000312082	9606.ENSP00000356430	0	0	0	0	0.445	0.056	0	0	0.454
TLR8	S100A9	9606.ENSP00000312082	9606.ENSP00000357727	0	0	0	0	0.411	0	0	0.122	0.460
TLR8	NCF2	9606.ENSP00000312082	9606.ENSP00000356505	0	0	0	0	0.456	0	0	0.081	0.478
TLR8	S100A12	9606.ENSP00000312082	9606.ENSP00000357726	0	0	0	0	0.448	0	0	0.170	0.522
TLR8	MPEG1	9606.ENSP00000312082	9606.ENSP00000354335	0	0	0	0	0.526	0	0	0	0.526
TLR8	MS4A6A	9606.ENSP00000312082	9606.ENSP00000392770	0	0	0	0	0.524	0	0	0.055	0.530
TLR8	FCGR2B	9606.ENSP00000312082	9606.ENSP00000351497	0	0	0	0	0.341	0	0	0.370	0.567
TLR8	S100A8	9606.ENSP00000312082	9606.ENSP00000357722	0	0	0	0	0.521	0	0	0.141	0.571
TLR8	HCK	9606.ENSP00000312082	9606.ENSP00000444986	0	0	0	0	0.539	0.089	0	0.134	0.604
TLR8	CYBB	9606.ENSP00000312082	9606.ENSP00000367851	0	0	0	0	0.496	0.059	0	0.252	0.614
TLR8	FCGR3B	9606.ENSP00000312082	9606.ENSP00000433642	0	0	0	0	0.491	0	0	0.429	0.697
TLR8	CD86	9606.ENSP00000312082	9606.ENSP00000332049	0	0	0	0	0.381	0	0	0.595	0.738
TLR8	MNDA	9606.ENSP00000312082	9606.ENSP00000357123	0	0	0	0	0.753	0	0	0.091	0.766
TPSAB1	CPA3	9606.ENSP00000343577	9606.ENSP00000296046	0	0	0	0	0.538	0.139	0	0.769	0.900
TPSAB1	NCF2	9606.ENSP00000343577	9606.ENSP00000356505	0	0	0	0	0.089	0	0	0.432	0.460
TPSAB1	TPSB2	9606.ENSP00000343577	9606.ENSP00000482743	0	0	0.449	0.986	0.364	0.681	0.800	0.594	0.956
TPSB2	CPA3	9606.ENSP00000482743	9606.ENSP00000296046	0	0	0	0	0.201	0.139	0	0.731	0.799
TPSB2	TPSAB1	9606.ENSP00000482743	9606.ENSP00000343577	0	0	0.449	0.986	0.364	0.681	0.800	0.594	0.956
TRAT1	LCP2	9606.ENSP00000295756	9606.ENSP00000046794	0	0	0	0	0.257	0.270	0	0.218	0.539
TRAT1	ITK	9606.ENSP00000295756	9606.ENSP00000398655	0	0	0	0	0.426	0	0	0.201	0.522
TRAT1	RAB8A	9606.ENSP00000295756	9606.ENSP00000300935	0	0	0	0	0	0	0	0.603	0.603
TRAT1	TRIM22	9606.ENSP00000295756	9606.ENSP00000369299	0	0	0	0	0.070	0	0	0.764	0.771
TRIM22	TRAT1	9606.ENSP00000369299	9606.ENSP00000295756	0	0	0	0	0.070	0	0	0.764	0.771
TRIM22	PLSCR1	9606.ENSP00000369299	9606.ENSP00000345494	0	0	0	0	0.229	0.056	0	0.287	0.435
TYROBP	LCP2	9606.ENSP00000262629	9606.ENSP00000046794	0	0	0	0	0.572	0	0.600	0.752	0.953
TYROBP	PILRA	9606.ENSP00000262629	9606.ENSP00000198536	0	0	0	0	0.541	0	0	0.419	0.722
TYROBP	BLNK	9606.ENSP00000262629	9606.ENSP00000224337	0	0	0	0	0.158	0	0	0.381	0.457
TYROBP	CD69	9606.ENSP00000262629	9606.ENSP00000228434	0	0	0	0	0.158	0.101	0	0.348	0.464
TYROBP	CLEC4A	9606.ENSP00000262629	9606.ENSP00000229332	0	0	0	0	0.554	0.101	0	0.391	0.734
TYROBP	SELL	9606.ENSP00000262629	9606.ENSP00000236147	0	0	0	0	0.345	0.101	0	0.250	0.520
TYROBP	PYCARD	9606.ENSP00000262629	9606.ENSP00000247470	0	0	0	0	0.281	0	0	0.209	0.407
TYROBP	CLEC10A	9606.ENSP00000262629	9606.ENSP00000254868	0	0	0	0	0.482	0.101	0	0.103	0.546
TYROBP	DOCK2	9606.ENSP00000262629	9606.ENSP00000256935	0	0	0	0	0.262	0	0	0.374	0.518
TYROBP	LYZ	9606.ENSP00000262629	9606.ENSP00000261267	0	0	0	0	0.580	0	0	0.154	0.629
TYROBP	S100A12	9606.ENSP00000262629	9606.ENSP00000357726	0	0	0	0	0.385	0	0	0.090	0.416
TYROBP	LST1	9606.ENSP00000262629	9606.ENSP00000365261	0	0	0	0	0.434	0	0	0	0.434
TYROBP	HLA-DPB1	9606.ENSP00000262629	9606.ENSP00000408146	0	0	0	0	0.302	0	0	0.259	0.461
TYROBP	CCR2	9606.ENSP00000262629	9606.ENSP00000292301	0	0	0	0	0.289	0	0	0.294	0.477
TYROBP	RGS18	9606.ENSP00000262629	9606.ENSP00000356430	0	0	0	0	0.460	0	0	0.074	0.478
TYROBP	GPR65	9606.ENSP00000262629	9606.ENSP00000267549	0	0	0	0	0.447	0	0	0.132	0.500
TYROBP	BCL2A1	9606.ENSP00000262629	9606.ENSP00000267953	0	0	0	0	0.439	0	0	0.146	0.501
TYROBP	FYB	9606.ENSP00000262629	9606.ENSP00000427114	0	0	0	0	0.397	0	0	0.226	0.513
TYROBP	CSF2RB	9606.ENSP00000262629	9606.ENSP00000384053	0	0	0	0	0.517	0	0	0.054	0.523
TYROBP	HPGDS	9606.ENSP00000262629	9606.ENSP00000295256	0	0	0	0	0.213	0	0	0.451	0.550
TYROBP	GPR34	9606.ENSP00000262629	9606.ENSP00000367384	0	0	0	0	0.350	0	0	0.341	0.554
TYROBP	FPR3	9606.ENSP00000262629	9606.ENSP00000341821	0	0	0	0	0.523	0	0	0.114	0.559
TYROBP	RGS1	9606.ENSP00000262629	9606.ENSP00000356429	0	0	0	0	0.550	0	0	0.082	0.570
TYROBP	HLA-DRA	9606.ENSP00000262629	9606.ENSP00000378786	0	0	0	0	0.422	0	0	0.293	0.574
TYROBP	EVI2B	9606.ENSP00000262629	9606.ENSP00000333779	0	0	0	0	0.497	0	0	0.189	0.575
TYROBP	S100A8	9606.ENSP00000262629	9606.ENSP00000357722	0	0	0	0	0.557	0	0	0.094	0.582
TYROBP	MPEG1	9606.ENSP00000262629	9606.ENSP00000354335	0	0	0	0	0.538	0	0	0.143	0.587
TYROBP	CYBB	9606.ENSP00000262629	9606.ENSP00000367851	0	0	0	0	0.556	0	0	0.181	0.621
TYROBP	S100A9	9606.ENSP00000262629	9606.ENSP00000357727	0	0	0	0	0.565	0	0	0.166	0.621
TYROBP	TLR8	9606.ENSP00000262629	9606.ENSP00000312082	0	0	0	0	0.548	0	0	0.245	0.644
TYROBP	RNASE6	9606.ENSP00000262629	9606.ENSP00000302046	0	0	0	0	0.582	0	0	0.233	0.665
TYROBP	FCGR1B	9606.ENSP00000262629	9606.ENSP00000358391	0	0	0	0	0.694	0	0	0.050	0.697
TYROBP	CD86	9606.ENSP00000262629	9606.ENSP00000332049	0	0	0	0	0.549	0	0	0.370	0.703
TYROBP	NCF2	9606.ENSP00000262629	9606.ENSP00000356505	0	0	0	0	0.673	0	0	0.137	0.706
TYROBP	FCN1	9606.ENSP00000262629	9606.ENSP00000360871	0	0	0	0	0.684	0	0	0.114	0.708
TYROBP	FCGR2B	9606.ENSP00000262629	9606.ENSP00000351497	0	0	0	0	0.571	0	0	0.359	0.713
TYROBP	ALOX5AP	9606.ENSP00000262629	9606.ENSP00000479870	0	0	0	0	0.743	0	0	0.074	0.751
TYROBP	FCGR3B	9606.ENSP00000262629	9606.ENSP00000433642	0	0	0	0	0.443	0	0	0.600	0.767
TYROBP	CLEC7A	9606.ENSP00000262629	9606.ENSP00000302569	0	0	0	0	0.230	0.213	0	0.666	0.780
TYROBP	MNDA	9606.ENSP00000262629	9606.ENSP00000357123	0	0	0	0	0.785	0	0	0.048	0.787
TYROBP	FCGR2A	9606.ENSP00000262629	9606.ENSP00000271450	0	0	0	0	0.696	0	0	0.374	0.801
TYROBP	IGSF6	9606.ENSP00000262629	9606.ENSP00000268389	0	0	0	0	0.795	0	0	0.157	0.819
TYROBP	LAPTM5	9606.ENSP00000262629	9606.ENSP00000294507	0	0	0	0	0.794	0	0	0.367	0.864
TYROBP	MS4A6A	9606.ENSP00000262629	9606.ENSP00000392770	0	0	0	0	0.787	0	0	0.391	0.864
TYROBP	HCK	9606.ENSP00000262629	9606.ENSP00000444986	0	0	0	0	0.804	0	0	0.450	0.887
TYROBP	C1QB	9606.ENSP00000262629	9606.ENSP00000313967	0	0	0	0	0.826	0	0	0.455	0.901
TYROBP	C1QC	9606.ENSP00000262629	9606.ENSP00000363770	0	0	0	0	0.856	0	0	0.418	0.912
TYROBP	C1QA	9606.ENSP00000262629	9606.ENSP00000363773	0	0	0	0	0.901	0	0	0.456	0.944
VNN2	SELL	9606.ENSP00000322276	9606.ENSP00000236147	0	0	0	0	0.546	0	0	0.133	0.589
VNN2	PROK2	9606.ENSP00000322276	9606.ENSP00000295619	0	0	0	0	0.673	0	0	0.074	0.684
VNN2	CXCR2	9606.ENSP00000322276	9606.ENSP00000319635	0	0	0	0	0.545	0	0	0.167	0.605
VNN2	FCGR3B	9606.ENSP00000322276	9606.ENSP00000433642	0	0	0	0	0.336	0	0	0.219	0.459
VNN2	S100A8	9606.ENSP00000322276	9606.ENSP00000357722	0	0	0	0	0.553	0	0	0	0.553
VNN2	NCF2	9606.ENSP00000322276	9606.ENSP00000356505	0	0	0	0	0.551	0	0	0.049	0.554
VNN2	HCK	9606.ENSP00000322276	9606.ENSP00000444986	0	0	0	0	0.532	0	0	0.096	0.559
VNN2	S100A9	9606.ENSP00000322276	9606.ENSP00000357727	0	0	0	0	0.570	0	0	0	0.570
VNN2	MNDA	9606.ENSP00000322276	9606.ENSP00000357123	0	0	0	0	0.676	0	0	0.114	0.700
VNN2	S100A12	9606.ENSP00000322276	9606.ENSP00000357726	0	0	0	0	0.744	0	0	0.140	0.771
